0,<b>,0.0,0.0,0.0,</b>,<b>,0.0,0.0,0.0,0.0,0.0,0.0,0.0,0.0,0.0,0.0,</b>,<b>,0.0,0.0,0.0,0.0,0.0,0.0,0.0,0.0,0.0,0.0,</b>,<b>,0.0,0.0,0.0,</b>
0,<b>,0.0,0.0,0.0,</b>,<b>,0.0,0.0,0.0,0.0,0.0,0.0,0.0,0.0,0.0,0.0,</b>,<b>,0.0,0.0,0.0,0.0,0.0,0.0,0.0,0.0,0.0,0.0,</b>,<b>,0.0,0.0,0.0,</b>
0,<b>,0.0,0.0,0.0,</b>,<b>,0.0,0.0,0.0,0.0,0.0,0.0,0.0,0.0,0.0,0.0,</b>,<b>,0.0,0.0,0.0,0.0,0.0,0.0,0.0,0.0,0.0,0.0,</b>,<b>,0.0,0.0,0.0,</b>
0,<b>,0.0,0.0,0.0,</b>,<b>,0.0,0.0,0.0,0.0,0.0,0.0,0.0,0.0,0.0,0.0,</b>,<b>,0.0,0.0,0.0,0.0,0.0,0.0,0.0,0.0,0.0,0.0,</b>,<b>,0.0,0.0,0.0,</b>
0,<b>,0.0,0.0,0.0,</b>,<b>,0.0,0.0,0.0,0.0,0.0,0.0,0.0,0.0,0.0,0.0,</b>,<b>,0.0,0.0,0.0,0.0,0.0,0.0,0.0,0.0,0.0,0.0,</b>,<b>,0.0,0.0,0.0,</b>
0,<b>,0.0,0.0,0.0,</b>,<b>,0.0,0.0,0.0,0.0,0.0,0.0,0.0,0.0,0.0,0.0,</b>,<b>,0.0,0.0,0.0,0.0,0.0,0.0,0.0,0.0,0.0,0.0,</b>,<b>,0.0,0.0,0.0,</b>
0,<b>,0.0,0.0,0.0,</b>,<b>,0.0,0.0,0.0,0.0,0.0,0.0,0.0,0.0,0.0,0.0,</b>,<b>,0.0,0.0,0.0,0.0,0.0,0.0,0.0,0.0,0.0,0.0,</b>,<b>,0.0,0.0,0.0,</b>
0,<b>,0.0,0.0,0.0,</b>,<b>,0.0,0.0,0.0,0.0,0.0,0.0,0.0,0.0,0.0,0.0,</b>,<b>,0.0,0.0,0.0,0.0,0.0,0.0,0.0,0.0,0.0,0.0,</b>,<b>,0.0,0.0,0.0,</b>
0,<b>,0.0,0.0,0.0,</b>,<b>,0.0,0.0,0.0,0.0,0.0,0.0,0.0,0.0,0.0,0.0,</b>,<b>,0.0,0.0,0.0,0.0,0.0,0.0,0.0,0.0,0.0,0.0,</b>,<b>,0.0,0.0,0.0,</b>
0,<b>,0.0,0.0,0.0,</b>,<b>,0.0,0.0,0.0,0.0,0.0,0.0,0.0,0.0,0.0,0.0,</b>,<b>,0.0,0.0,0.0,0.0,0.0,0.0,0.0,0.0,0.0,0.0,</b>,<b>,0.0,0.0,0.0,</b>
0,<b>,0.0,0.0,0.0,</b>,<b>,0.0,0.0,0.0,0.0,0.0,0.0,0.0,0.0,0.0,0.0,</b>,<b>,0.0,0.0,0.0,0.0,0.0,0.0,0.0,0.0,0.0,0.0,</b>,<b>,0.0,0.0,0.0,</b>
0,<b>,0.0,0.0,0.0,</b>,<b>,0.0,0.0,0.0,0.0,0.0,0.0,0.0,0.0,0.0,0.0,</b>,<b>,0.0,0.0,0.0,0.0,0.0,0.0,0.0,0.0,0.0,0.0,</b>,<b>,0.0,0.0,0.0,</b>
0,<b>,0.0,0.0,0.0,</b>,<b>,0.0,0.0,0.0,0.0,0.0,0.0,0.0,0.0,0.0,0.0,</b>,<b>,0.0,0.0,0.0,0.0,0.0,0.0,0.0,0.0,0.0,0.0,</b>,<b>,0.0,0.0,0.0,</b>
0,<b>,0.0,0.0,0.0,</b>,<b>,0.0,0.0,0.0,0.0,0.0,0.0,0.0,0.0,0.0,0.0,</b>,<b>,0.0,0.0,0.0,0.0,0.0,0.0,0.0,0.0,0.0,0.0,</b>,<b>,0.0,0.0,0.0,</b>
0,<b>,0.0,0.0,0.0,</b>,<b>,0.0,0.0,0.0,0.0,0.0,0.0,0.0,0.0,0.0,0.0,</b>,<b>,0.0,0.0,0.0,0.0,0.0,0.0,0.0,0.0,0.0,0.0,</b>,<b>,0.0,0.0,0.0,</b>
0,<b>,0.0,0.0,0.0,</b>,<b>,0.0,0.0,0.0,0.0,0.0,0.0,0.0,0.0,0.0,0.0,</b>,<b>,0.0,0.0,0.0,0.0,0.0,0.0,0.0,0.0,0.0,0.0,</b>,<b>,0.0,0.0,0.0,</b>
0,<b>,0.0,0.0,0.0,</b>,<b>,0.0,0.0,0.0,0.0,0.0,0.0,0.0,0.0,0.0,0.0,</b>,<b>,0.0,0.0,0.0,0.0,0.0,0.0,0.0,0.0,0.0,0.0,</b>,<b>,0.0,0.0,0.0,</b>
0,<b>,0.0,0.0,0.0,</b>,<b>,0.0,0.0,0.0,0.0,0.0,0.0,0.0,0.0,0.0,0.0,</b>,<b>,0.0,0.0,0.0,0.0,0.0,0.0,0.0,0.0,0.0,0.0,</b>,<b>,0.0,0.0,0.0,</b>
0,<b>,0.0,0.0,0.0,</b>,<b>,0.0,0.0,0.0,0.0,0.0,0.0,0.0,0.0,0.0,0.0,</b>,<b>,0.0,0.0,0.0,0.0,0.0,0.0,0.0,0.0,0.0,0.0,</b>,<b>,0.0,0.0,0.0,</b>
0,<b>,0.0,0.0,0.0,</b>,<b>,0.0,0.0,0.0,0.0,0.0,0.0,0.0,0.0,0.0,0.0,</b>,<b>,0.0,0.0,0.0,0.0,0.0,0.0,0.0,0.0,0.0,0.0,</b>,<b>,0.0,0.0,0.0,</b>
0,<b>,0.0,0.0,0.0,</b>,<b>,0.0,0.0,0.0,0.0,0.0,0.0,0.0,0.0,0.0,0.0,</b>,<b>,0.0,0.0,0.0,0.0,0.0,0.0,0.0,0.0,0.0,0.0,</b>,<b>,0.0,0.0,0.0,</b>
0,<b>,0.0,0.0,0.0,</b>,<b>,0.0,0.0,0.0,0.0,0.0,0.0,0.0,0.0,0.0,0.0,</b>,<b>,0.0,0.0,0.0,0.0,0.0,0.0,0.0,0.0,0.0,0.0,</b>,<b>,0.0,0.0,0.0,</b>
0,<b>,0.0,0.0,0.0,</b>,<b>,0.0,0.0,0.0,0.0,0.0,0.0,0.0,0.0,0.0,0.0,</b>,<b>,0.0,0.0,0.0,0.0,0.0,0.0,0.0,0.0,0.0,0.0,</b>,<b>,0.0,0.0,0.0,</b>
0,<b>,0.0,0.0,0.0,</b>,<b>,0.0,0.0,0.0,0.0,0.0,0.0,0.0,0.0,0.0,0.0,</b>,<b>,0.0,0.0,0.0,0.0,0.0,0.0,0.0,0.0,0.0,0.0,</b>,<b>,0.0,0.0,0.0,</b>
0,<b>,0.0,0.0,0.0,</b>,<b>,0.0,0.0,0.0,0.0,0.0,0.0,0.0,0.0,0.0,0.0,</b>,<b>,0.0,0.0,0.0,0.0,0.0,0.0,0.0,0.0,0.0,0.0,</b>,<b>,0.0,0.0,0.0,</b>
0,<b>,0.0,0.0,0.0,</b>,<b>,0.0,0.0,0.0,0.0,0.0,0.0,0.0,0.0,0.0,0.0,</b>,<b>,0.0,0.0,0.0,0.0,0.0,0.0,0.0,0.0,0.0,0.0,</b>,<b>,0.0,0.0,0.0,</b>
0,<b>,0.0,0.0,0.0,</b>,<b>,0.0,0.0,0.0,0.0,0.0,0.0,0.0,0.0,0.0,0.0,</b>,<b>,0.0,0.0,0.0,0.0,0.0,0.0,0.0,0.0,0.0,0.0,</b>,<b>,0.0,0.0,0.0,</b>
0,<b>,0.0,0.0,0.0,</b>,<b>,0.0,0.0,0.0,0.0,0.0,0.0,0.0,0.0,0.0,0.0,</b>,<b>,0.0,0.0,0.0,0.0,0.0,0.0,0.0,0.0,0.0,0.0,</b>,<b>,0.0,0.0,0.0,</b>
0,<b>,0.0,0.0,0.0,</b>,<b>,0.0,0.0,0.0,0.0,0.0,0.0,0.0,0.0,0.0,0.0,</b>,<b>,0.0,0.0,0.0,0.0,0.0,0.0,0.0,0.0,0.0,0.0,</b>,<b>,0.0,0.0,0.0,</b>
0,<b>,0.0,0.0,0.0,</b>,<b>,0.0,0.0,0.0,0.0,0.0,0.0,0.0,0.0,0.0,0.0,</b>,<b>,0.0,0.0,0.0,0.0,0.0,0.0,0.0,0.0,0.0,0.0,</b>,<b>,0.0,0.0,0.0,</b>
0,<b>,0.0,0.0,0.0,</b>,<b>,0.0,0.0,0.0,0.0,0.0,0.0,0.0,0.0,0.0,0.0,</b>,<b>,0.0,0.0,0.0,0.0,0.0,0.0,0.0,0.0,0.0,0.0,</b>,<b>,0.0,0.0,0.0,</b>
0,<b>,0.0,0.0,0.0,</b>,<b>,0.0,0.0,0.0,0.0,0.0,0.0,0.0,0.0,0.0,0.0,</b>,<b>,0.0,0.0,0.0,0.0,0.0,0.0,0.0,0.0,0.0,0.0,</b>,<b>,0.0,0.0,0.0,</b>
0,<b>,0.0,0.0,0.0,</b>,<b>,0.0,0.0,0.0,0.0,0.0,0.0,0.0,0.0,0.0,0.0,</b>,<b>,0.0,0.0,0.0,0.0,0.0,0.0,0.0,0.0,0.0,0.0,</b>,<b>,0.0,0.0,0.0,</b>
0,<b>,0.0,0.0,0.0,</b>,<b>,0.0,0.0,0.0,0.0,0.0,0.0,0.0,0.0,0.0,0.0,</b>,<b>,0.0,0.0,0.0,0.0,0.0,0.0,0.0,0.0,0.0,0.0,</b>,<b>,0.0,0.0,0.0,</b>
0,<b>,0.0,0.0,0.0,</b>,<b>,0.0,0.0,0.0,0.0,0.0,0.0,0.0,0.0,0.0,0.0,</b>,<b>,0.0,0.0,0.0,0.0,0.0,0.0,0.0,0.0,0.0,0.0,</b>,<b>,0.0,0.0,0.0,</b>
0,<b>,0.0,0.0,0.0,</b>,<b>,0.0,0.0,0.0,0.0,0.0,0.0,0.0,0.0,0.0,0.0,</b>,<b>,0.0,0.0,0.0,0.0,0.0,0.0,0.0,0.0,0.0,0.0,</b>,<b>,0.0,0.0,0.0,</b>
0,<b>,0.0,0.0,0.0,</b>,<b>,0.0,0.0,0.0,0.0,0.0,0.0,0.0,0.0,0.0,0.0,</b>,<b>,0.0,0.0,0.0,0.0,0.0,0.0,0.0,0.0,0.0,0.0,</b>,<b>,0.0,0.0,0.0,</b>
0,<b>,0.0,0.0,0.0,</b>,<b>,0.0,0.0,0.0,0.0,0.0,0.0,0.0,0.0,0.0,0.0,</b>,<b>,0.0,0.0,0.0,0.0,0.0,0.0,0.0,0.0,0.0,0.0,</b>,<b>,0.0,0.0,0.0,</b>
0,<b>,0.0,0.0,0.0,</b>,<b>,0.0,0.0,0.0,0.0,0.0,0.0,0.0,0.0,0.0,0.0,</b>,<b>,0.0,0.0,0.0,0.0,0.0,0.0,0.0,0.0,0.0,0.0,</b>,<b>,0.0,0.0,0.0,</b>
0,<b>,0.0,0.009179816,0.0,</b>,<b>,0.0,0.0055491445,0.0,0.0,0.0023021803,0.0,0.0,0.0023595367,0.0,0.006073549,</b>,<b>,0.0,0.0,0.0011999648,0.00063058274,0.0026750013,0.001972543,0.00043028273,0.0,0.0,0.0,</b>,<b>,0.0,0.0,0.0,</b>
0,<b>,0.0,0.012012005,0.0,</b>,<b>,0.0,0.007261186,0.0,0.0,0.003012457,0.0,0.0,0.0030875094,0.0,0.007947382,</b>,<b>,0.0,0.0,0.001570182,0.00082513236,0.003500302,0.0025811193,0.0005630352,0.0,0.0,0.0,</b>,<b>,0.0,0.0,0.0,</b>
0,<b>,0.0,0.015027046,0.0,</b>,<b>,0.0,0.009083761,0.0,0.0,0.0037685907,0.0,0.0,0.0038624816,0.0,0.009942193,</b>,<b>,0.0,0.0,0.0019643013,0.0010322422,0.0043788864,0.0032289862,0.0007043581,0.0,0.0,0.0,</b>,<b>,0.0,0.0,0.0,</b>
0,<b>,0.0,0.016588062,0.0,</b>,<b>,0.0,0.010027385,0.0,0.0,0.0041600736,0.0,0.0,0.0042637177,0.0,0.010974992,</b>,<b>,0.0,0.0,0.0021683539,0.0011394722,0.0048337667,0.0035644146,0.00077752763,0.0,0.0,0.0,</b>,<b>,0.0,0.0,0.0,</b>
0,<b>,0.0,0.01723224,0.0,</b>,<b>,0.0,0.010416787,0.0,0.0,0.004321625,0.0,0.0,0.0044292943,0.0,0.011401192,</b>,<b>,0.0,0.0,0.0022525592,0.0011837223,0.00502148,0.0037028342,0.0008077215,0.0,0.0,0.0,</b>,<b>,0.0,0.0,0.0,</b>
0,<b>,0.0,0.02186203,0.0,</b>,<b>,0.0,0.013215468,0.0,0.0,0.0054827174,0.0,0.0,0.0056193136,0.0,0.014464354,</b>,<b>,0.0,0.0,0.002857755,0.0015017529,0.006370603,0.004697676,0.0010247324,0.0,0.0,0.0,</b>,<b>,0.0,0.0,0.0,</b>
0,<b>,0.0,0.027394667,0.0,</b>,<b>,0.0,0.016559914,0.0,0.0,0.006870232,0.0,0.0,0.007041397,0.0,0.018124858,</b>,<b>,0.0,0.0,0.0035809686,0.0018818036,0.007982815,0.00588652,0.0012840629,0.0,0.0,0.0,</b>,<b>,0.0,0.0,0.0,</b>
0,<b>,0.0,0.031655937,0.0,</b>,<b>,0.0,0.019135827,0.0,0.0,0.007938904,0.0,0.0,0.008136693,0.0,0.020944199,</b>,<b>,0.0,0.0,0.0041379924,0.002174519,0.00922455,0.006802174,0.0014837999,0.0,0.0,0.0,</b>,<b>,0.0,0.0,0.0,</b>
0,<b>,0.0,0.04143834,0.0,</b>,<b>,0.0,0.025049232,0.0,0.0,0.010392206,0.0,0.0,0.010651117,0.0,0.02741643,</b>,<b>,0.0,0.0,0.0054167258,0.0028464945,0.012075146,0.0089042,0.0019423272,0.0,0.0,0.0,</b>,<b>,0.0,0.0,0.0,</b>
0,<b>,0.0,0.044225886,0.0,</b>,<b>,0.0,0.026734287,0.0,0.0,0.011091286,0.0,0.0,0.011367614,0.0,0.029260727,</b>,<b>,0.0,0.0,0.0057811076,0.0030379775,0.012887438,0.009503183,0.0020729874,0.0,0.0,0.0,</b>,<b>,0.0,0.0,0.0,</b>
0,<b>,0.0,0.044423997,0.0,</b>,<b>,0.0,0.026854044,0.0,0.0,0.01114097,0.0,0.0,0.011418536,0.0,0.029391801,</b>,<b>,0.0,0.0,0.005807004,0.0030515862,0.012945167,0.009545753,0.002082273,0.0,0.0,0.0,</b>,<b>,0.0,0.0,0.0,</b>
0,<b>,0.0,0.052009642,0.0,</b>,<b>,0.0,0.03143952,0.0,0.0,0.013043352,0.0,0.0,0.013368315,0.0,0.034410615,</b>,<b>,0.0,0.0,0.006798582,0.0035726624,0.0151556255,0.011175743,0.0024378332,0.0,0.0,0.0,</b>,<b>,0.0,0.0,0.0,</b>
0,<b>,0.0,0.05249326,0.0,</b>,<b>,0.0,0.031731866,0.0,0.0,0.013164638,0.0,0.0,0.0134926215,0.0,0.034730583,</b>,<b>,0.0,0.0,0.006861799,0.003605882,0.015296553,0.011279662,0.0024605002,0.0,0.0,0.0,</b>,<b>,0.0,0.0,0.0,</b>
0,<b>,0.0,0.055471554,0.0,</b>,<b>,0.0,0.03353223,0.0,0.0,0.0139115555,0.0,0.0,0.014258148,0.0,0.036701083,</b>,<b>,0.0,0.0,0.0072511155,0.0038104674,0.01616443,0.0119196335,0.002600101,0.0,0.0,0.0,</b>,<b>,0.0,0.0,0.0,</b>
0,<b>,0.0,0.06414364,0.0,</b>,<b>,0.0,0.038774453,0.0,0.0,0.016086405,0.0,0.0,0.016487181,0.0,0.042438712,</b>,<b>,0.0,0.0,0.008384712,0.004406175,0.018691478,0.013783077,0.0030065863,0.0,0.0,0.0,</b>,<b>,0.0,0.0,0.0,</b>
0,<b>,0.0,0.070222884,0.0,</b>,<b>,0.0,0.042449318,0.0,0.0,0.017611,0.0,0.0,0.018049762,0.0,0.04646086,</b>,<b>,0.0,0.0,0.009179376,0.004823773,0.020462971,0.015089374,0.0032915378,0.0,0.0,0.0,</b>,<b>,0.0,0.0,0.0,</b>
0,<b>,0.0,0.076009646,0.0,</b>,<b>,0.0,0.04594738,0.0,0.0,0.019062247,0.0,0.0,0.019537164,0.0,0.050289493,</b>,<b>,0.0,0.0,0.009935807,0.0052212784,0.022149235,0.016332824,0.003562777,0.0,0.0,0.0,</b>,<b>,0.0,0.0,0.0,</b>
0,<b>,0.0,0.07635261,0.0,</b>,<b>,0.0,0.046154704,0.0,0.0,0.019148257,0.0,0.0,0.019625317,0.0,0.050516408,</b>,<b>,0.0,0.0,0.00998064,0.0052448367,0.022249177,0.01640652,0.0035788538,0.0,0.0,0.0,</b>,<b>,0.0,0.0,0.0,</b>
0,<b>,0.0,0.07669447,0.0,</b>,<b>,0.0,0.046361357,0.0,0.0,0.019233992,0.0,0.0,0.019713188,0.0,0.05074259,</b>,<b>,0.0,0.0,0.010025327,0.005268319,0.022348795,0.016479978,0.003594876,0.0,0.0,0.0,</b>,<b>,0.0,0.0,0.0,</b>
0,<b>,0.0,0.08218074,0.0,</b>,<b>,0.0,0.04967777,0.0,0.0,0.020609878,0.0,0.0,0.021123352,0.0,0.05437241,</b>,<b>,0.0,0.0,0.01074248,0.0056451834,0.023947494,0.017658858,0.0038520328,0.0,0.0,0.0,</b>,<b>,0.0,0.0,0.0,</b>
0,<b>,0.0,0.08714242,0.0,</b>,<b>,0.0,0.05267708,0.0,0.0,0.021854203,0.0,0.0,0.02239868,0.0,0.05765516,</b>,<b>,0.0,0.0,0.011391059,0.0059860125,0.025393331,0.018725015,0.0040846006,0.0,0.0,0.0,</b>,<b>,0.0,0.0,0.0,</b>
0,<b>,0.0,0.09491247,0.0,</b>,<b>,0.0,0.057374027,0.0,0.0,0.023802832,0.0,0.0,0.024395857,0.0,0.06279598,</b>,<b>,0.0,0.0,0.012406743,0.0065197567,0.027657522,0.02039463,0.0044488045,0.0,0.0,0.0,</b>,<b>,0.0,0.0,0.0,</b>
0,<b>,0.0,0.09774794,0.0,</b>,<b>,0.0,0.05908805,0.0,0.0,0.024513932,0.0,0.0,0.025124671,0.0,0.06467198,</b>,<b>,0.0,0.0,0.012777388,0.006714529,0.02848378,0.021003911,0.004581708,0.0,0.0,0.0,</b>,<b>,0.0,0.0,0.0,</b>
0,<b>,0.0,0.098967105,0.0,</b>,<b>,0.0,0.05982503,0.0,0.0,0.024819683,0.0,0.0,0.02543804,0.0,0.06547861,</b>,<b>,0.0,0.0,0.012936756,0.00679828,0.028839046,0.021265883,0.0046388577,0.0,0.0,0.0,</b>,<b>,0.0,0.0,0.0,</b>
0,<b>,0.0,0.10035148,0.0,</b>,<b>,0.0,0.06066188,0.0,0.0,0.025166867,0.0,0.0,0.025793875,0.0,0.06639454,</b>,<b>,0.0,0.0,0.013117718,0.006893376,0.029242454,0.021563357,0.0047037457,0.0,0.0,0.0,</b>,<b>,0.0,0.0,0.0,</b>
0,<b>,0.0,0.107711494,0.0,</b>,<b>,0.0,0.06511096,0.0,0.0,0.027012663,0.0,0.0,0.027685657,0.0,0.071264066,</b>,<b>,0.0,0.0,0.014079802,0.0073989504,0.03138716,0.023144862,0.0050487295,0.0,0.0,0.0,</b>,<b>,0.0,0.0,0.0,</b>
0,<b>,0.0,0.11056945,0.0,</b>,<b>,0.0,0.06683858,0.0,0.0,0.027729401,0.0,0.0,0.028420253,0.0,0.07315495,</b>,<b>,0.0,0.0,0.014453387,0.007595272,0.032219972,0.023758974,0.00518269,0.0,0.0,0.0,</b>,<b>,0.0,0.0,0.0,</b>
0,<b>,0.0,0.11392631,0.0,</b>,<b>,0.0,0.06886778,0.0,0.0,0.02857126,0.0,0.0,0.029283084,0.0,0.075375915,</b>,<b>,0.0,0.0,0.014892188,0.007825861,0.033198163,0.02448029,0.0053400365,0.0,0.0,0.0,</b>,<b>,0.0,0.0,0.0,</b>
0,<b>,0.0,0.116310075,0.0,</b>,<b>,0.0,0.07030875,0.0,0.0,0.029169077,0.0,0.0,0.029895797,0.0,0.07695306,</b>,<b>,0.0,0.0,0.015203788,0.007989607,0.03389279,0.024992513,0.0054517672,0.0,0.0,0.0,</b>,<b>,0.0,0.0,0.0,</b>
0,<b>,0.0,0.117125705,0.0,</b>,<b>,0.0,0.070801795,0.0,0.0,0.029373627,0.0,0.0,0.030105442,0.0,0.0774927,</b>,<b>,0.0,0.0,0.015310407,0.008045635,0.03413047,0.02516777,0.00549,0.0,0.0,0.0,</b>,<b>,0.0,0.0,0.0,</b>
0,<b>,0.0,0.11891304,0.0,</b>,<b>,0.0,0.07188223,0.0,0.0,0.029821869,0.0,0.0,0.03056485,0.0,0.07867523,</b>,<b>,0.0,0.0,0.015544043,0.008168411,0.0346513,0.025551831,0.005573775,0.0,0.0,0.0,</b>,<b>,0.0,0.0,0.0,</b>
0,<b>,0.0,0.11961612,0.0,</b>,<b>,0.0,0.07230724,0.0,0.0,0.029998193,0.0,0.0,0.030745568,0.0,0.07914041,</b>,<b>,0.0,0.0,0.015635949,0.008216709,0.034856178,0.025702909,0.0056067333,0.0,0.0,0.0,</b>,<b>,0.0,0.0,0.0,</b>
0,<b>,0.0,0.12445766,0.0,</b>,<b>,0.0,0.07523392,0.0,0.0,0.031212388,0.0,0.0,0.031990014,0.0,0.08234366,</b>,<b>,0.0,0.0,0.016268821,0.008549281,0.036267,0.02674325,0.0058336644,0.0,0.0,0.0,</b>,<b>,0.0,0.0,0.0,</b>
0,<b>,0.0,0.12589137,0.0,</b>,<b>,0.0,0.07610059,0.0,0.0,0.031571943,0.0,0.0,0.032358527,0.0,0.08329224,</b>,<b>,0.0,0.0,0.016456235,0.008647769,0.03668479,0.027051322,0.005900873,0.0,0.0,0.0,</b>,<b>,0.0,0.0,0.0,</b>
0,<b>,0.0,0.1260013,0.0,</b>,<b>,0.0,0.07616704,0.0,0.0,0.031599514,0.0,0.0,0.032386784,0.0,0.08336496,</b>,<b>,0.0,0.0,0.016470602,0.008655321,0.036716823,0.027074944,0.0059060184,0.0,0.0,0.0,</b>,<b>,0.0,0.0,0.0,</b>
0,<b>,0.0,0.12724192,0.0,</b>,<b>,0.0,0.07691699,0.0,0.0,0.031910647,0.0,0.0,0.03270567,0.0,0.08418579,</b>,<b>,0.0,0.0,0.016632775,0.008740539,0.03707834,0.027341528,0.005964173,0.0,0.0,0.0,</b>,<b>,0.0,0.0,0.0,</b>
0,<b>,0.0,0.1304468,0.0,</b>,<b>,0.0,0.07885432,0.0,0.0,0.03271439,0.0,0.0,0.033529434,0.0,0.08630621,</b>,<b>,0.0,0.0,0.017051712,0.008960691,0.038012244,0.028030187,0.006114397,0.0,0.0,0.0,</b>,<b>,0.0,0.0,0.0,</b>
0,<b>,0.0,0.13159549,0.0,</b>,<b>,0.0,0.0795487,0.0,0.0,0.033002466,0.0,0.0,0.03382469,0.0,0.087066196,</b>,<b>,0.0,0.0,0.017201863,0.009039597,0.038346972,0.028277017,0.0061682346,0.0,0.0,0.0,</b>,<b>,0.0,0.0,0.0,</b>
0,<b>,0.0,0.14728232,0.0,</b>,<b>,0.0,0.089031294,0.0,0.0,0.03693652,0.0,0.0,0.037856758,0.0,0.097444914,</b>,<b>,0.0,0.0,0.01925241,0.010117161,0.042918116,0.031647775,0.0069035203,0.0,0.0,0.0,</b>,<b>,0.0,0.0,0.0,</b>
0,<b>,0.0,0.15417829,0.0,</b>,<b>,0.0,0.093199864,0.0,0.0,0.038665943,0.0,0.0,0.039629266,0.0,0.10200743,</b>,<b>,0.0,0.0,0.020153835,0.010590862,0.044927604,0.03312957,0.007226756,0.0,0.0,0.0,</b>,<b>,0.0,0.0,0.0,</b>
0,<b>,0.0,0.16254303,0.0,</b>,<b>,0.0,0.0982563,0.0,0.0,0.04076371,0.0,0.0,0.0417793,0.0,0.1075417,</b>,<b>,0.0,0.0,0.021247255,0.011165459,0.04736509,0.03492697,0.0076188324,0.0,0.0,0.0,</b>,<b>,0.0,0.0,0.0,</b>
0,<b>,0.0,0.16287583,0.0,</b>,<b>,0.0,0.09845748,0.0,0.0,0.040847175,0.0,0.0,0.041864842,0.0,0.10776189,</b>,<b>,0.0,0.0,0.021290757,0.011188316,0.047462072,0.034998484,0.007634428,0.0,0.0,0.0,</b>,<b>,0.0,0.0,0.0,</b>
0,<b>,0.0,0.1660701,0.0,</b>,<b>,0.0,0.1003884,0.0,0.0,0.041648258,0.0,0.0,0.04268588,0.0,0.109875284,</b>,<b>,0.0,0.0,0.021708306,0.011407738,0.04839288,0.03568486,0.0077841515,0.0,0.0,0.0,</b>,<b>,0.0,0.0,0.0,</b>
0,<b>,0.0,0.16831264,0.0,</b>,<b>,0.0,0.101743996,0.0,0.0,0.042210653,0.0,0.0,0.04326229,0.0,0.11135899,</b>,<b>,0.0,0.0,0.022001447,0.011561782,0.049046356,0.03616673,0.00788927,0.0,0.0,0.0,</b>,<b>,0.0,0.0,0.0,</b>
0,<b>,0.0,0.17134386,0.0,</b>,<b>,0.0,0.103576355,0.0,0.0,0.042970847,0.0,0.0,0.044041425,0.0,0.11336451,</b>,<b>,0.0,0.0,0.02239768,0.0117700035,0.04992966,0.03681808,0.008031354,0.0,0.0,0.0,</b>,<b>,0.0,0.0,0.0,</b>
0,<b>,0.0,0.17720994,0.0,</b>,<b>,0.0,0.10712236,0.0,0.0,0.044441987,0.0,0.0,0.045549214,0.0,0.11724562,</b>,<b>,0.0,0.0,0.023164479,0.01217296,0.051639035,0.038078573,0.008306311,0.0,0.0,0.0,</b>,<b>,0.0,0.0,0.0,</b>
0,<b>,0.0,0.1780259,0.0,</b>,<b>,0.0,0.107615605,0.0,0.0,0.044646617,0.0,0.0,0.045758944,0.0,0.117785476,</b>,<b>,0.0,0.0,0.02327114,0.0122290095,0.051876806,0.038253903,0.008344556,0.0,0.0,0.0,</b>,<b>,0.0,0.0,0.0,</b>
0,<b>,0.0,0.1862856,0.27419582,</b>,<b>,0.07720473,0.24983214,0.0,0.0,0.0,0.0,0.0,0.0,0.0,0.13596004,</b>,<b>,0.0,0.0,0.087290674,0.0,0.06138608,0.0,0.0,0.0,0.0,0.03156342,</b>,<b>,0.0,0.0,0.0,</b>
0,<b>,0.0,0.18932232,0.0,</b>,<b>,0.0,0.114444226,0.0,0.0,0.047479615,0.0,0.0,0.048662525,0.0,0.12525941,</b>,<b>,0.0,0.0,0.024747783,0.013004986,0.055168588,0.040681258,0.00887405,0.0,0.0,0.0,</b>,<b>,0.0,0.0,0.0,</b>
0,<b>,0.0,0.18962277,0.0,</b>,<b>,0.0,0.11462585,0.0,0.0,0.047554966,0.0,0.0,0.04873975,0.0,0.1254582,</b>,<b>,0.0,0.0,0.024787057,0.013025625,0.05525614,0.040745817,0.008888128,0.0,0.0,0.0,</b>,<b>,0.0,0.0,0.0,</b>
0,<b>,0.0,0.19204006,0.0,</b>,<b>,0.0,0.11608708,0.0,0.0,0.048161186,0.0,0.0,0.049361076,0.0,0.12705752,</b>,<b>,0.0,0.0,0.02510304,0.013191675,0.055960532,0.041265238,0.009001436,0.0,0.0,0.0,</b>,<b>,0.0,0.0,0.0,</b>
0,<b>,0.0,0.19235483,0.0,</b>,<b>,0.0,0.11627736,0.0,0.0,0.04824013,0.0,0.0,0.049441982,0.0,0.12726578,</b>,<b>,0.0,0.0,0.025144188,0.013213295,0.056052264,0.04133288,0.009016192,0.0,0.0,0.0,</b>,<b>,0.0,0.0,0.0,</b>
0,<b>,0.0,0.1958657,0.0,</b>,<b>,0.0,0.118399665,0.0,0.0,0.049120612,0.0,0.0,0.050344404,0.0,0.12958865,</b>,<b>,0.0,0.0,0.02560312,0.013454466,0.057075333,0.04208729,0.009180754,0.0,0.0,0.0,</b>,<b>,0.0,0.0,0.0,</b>
0,<b>,0.0,0.19668013,0.0,</b>,<b>,0.0,0.11889198,0.0,0.0,0.04932486,0.0,0.0,0.05055374,0.0,0.13012749,</b>,<b>,0.0,0.0,0.02570958,0.013510413,0.057312656,0.042262293,0.009218931,0.0,0.0,0.0,</b>,<b>,0.0,0.0,0.0,</b>
0,<b>,0.0,0.1967963,0.0,</b>,<b>,0.0,0.1189622,0.0,0.0,0.04935399,0.0,0.0,0.050583597,0.0,0.13020435,</b>,<b>,0.0,0.0,0.025724765,0.01351839,0.057346508,0.042287253,0.009224376,0.0,0.0,0.0,</b>,<b>,0.0,0.0,0.0,</b>
0,<b>,0.0,0.20022817,0.270755,</b>,<b>,0.067994975,0.25653833,0.0,0.0,0.0,0.0,0.0,0.0,0.0,0.14502522,</b>,<b>,0.0,0.0,0.086408064,0.0,0.068278655,0.0,0.0,0.0001609875,0.0,0.031505693,</b>,<b>,0.0,0.0,0.0,</b>
0,<b>,0.0,0.20508711,0.29737327,</b>,<b>,0.08218433,0.2727969,0.0,0.0,0.0,0.0,0.0,0.0,0.0,0.14947385,</b>,<b>,0.0,0.0,0.09470919,0.0,0.06801292,0.0,0.0,0.0,0.0,0.03429493,</b>,<b>,0.0,0.0,0.0,</b>
0,<b>,0.0,0.20599854,0.2897867,</b>,<b>,0.07697781,0.26955107,0.0,0.0,0.0,0.0,0.0,0.0,0.0,0.1497252,</b>,<b>,0.0,0.0,0.09237327,0.0,0.06916949,0.0,0.0,0.0,0.0,0.03354768,</b>,<b>,0.0,0.0,0.0,</b>
0,<b>,0.0,0.20907311,0.0,</b>,<b>,0.0,0.12638347,0.0,0.0,0.05243286,0.0,0.0,0.05373917,0.0,0.13832693,</b>,<b>,0.0,0.0,0.027329562,0.014361708,0.060923975,0.044925272,0.00979982,0.0,0.0,0.0,</b>,<b>,0.0,0.0,0.0,</b>
0,<b>,0.0,0.2155058,0.0,</b>,<b>,0.0,0.13027199,0.0,0.0,0.054046094,0.0,0.0,0.0553926,0.0,0.14258292,</b>,<b>,0.0,0.0,0.028170427,0.014803586,0.06279846,0.04630752,0.010101341,0.0,0.0,0.0,</b>,<b>,0.0,0.0,0.0,</b>
0,<b>,0.0,0.21631539,0.2601295,</b>,<b>,0.05320583,0.26094535,0.0,0.0,0.0,0.0,0.0,0.0,0.0,0.15517633,</b>,<b>,0.0,0.0,0.08333004,0.0,0.07686974,0.0,0.0,0.007422247,0.0,0.030766953,</b>,<b>,0.0,0.0,0.0,</b>
0,<b>,0.0,0.22333017,0.0,</b>,<b>,0.0,0.13500176,0.0,0.0,0.056008346,0.0,0.0,0.05740374,0.0,0.14775969,</b>,<b>,0.0,0.0,0.029193215,0.015341066,0.06507849,0.047988806,0.010468093,0.0,0.0,0.0,</b>,<b>,0.0,0.0,0.0,</b>
0,<b>,0.0,0.22554123,0.0,</b>,<b>,0.0,0.13633834,0.0,0.0,0.056562856,0.0,0.0,0.057972062,0.0,0.14922257,</b>,<b>,0.0,0.0,0.029482236,0.015492948,0.065722786,0.04846392,0.010571731,0.0,0.0,0.0,</b>,<b>,0.0,0.0,0.0,</b>
0,<b>,0.0,0.22571477,0.0,</b>,<b>,0.0,0.13644324,0.0,0.0,0.056606375,0.0,0.0,0.05801667,0.0,0.14933738,</b>,<b>,0.0,0.0,0.029504921,0.015504868,0.06577335,0.04850121,0.010579863,0.0,0.0,0.0,</b>,<b>,0.0,0.0,0.0,</b>
0,<b>,0.0,0.22739512,0.0,</b>,<b>,0.0,0.13745901,0.0,0.0,0.057027783,0.0,0.0,0.058448575,0.0,0.15044914,</b>,<b>,0.0,0.0,0.029724576,0.015620295,0.06626301,0.048862275,0.010658625,0.0,0.0,0.0,</b>,<b>,0.0,0.0,0.0,</b>
0,<b>,0.0,0.22980486,0.30812684,</b>,<b>,0.076398425,0.29312032,0.0,0.0,0.0,0.0,0.0,0.0,0.0,0.16632605,</b>,<b>,0.0,0.0,0.09836017,0.0,0.07861596,0.0,0.0,0.00077188225,0.0,0.035894677,</b>,<b>,0.0,0.0,0.0,</b>
0,<b>,0.0,0.23116657,0.25417343,</b>,<b>,0.041962918,0.26694205,0.0,0.0,0.0,0.0,0.0,0.0,0.0,0.16472608,</b>,<b>,0.0,0.0,0.08168091,0.0,0.08443123,0.0,0.0,0.013263078,0.0,0.030474104,</b>,<b>,0.0,0.0,0.0,</b>
0,<b>,0.0,0.23472273,0.0,</b>,<b>,0.0,0.1418885,0.0,0.0,0.058865458,0.0,0.0,0.06033203,0.0,0.15529723,</b>,<b>,0.0,0.0,0.030682424,0.016123647,0.06839828,0.050436825,0.011002093,0.0,0.0,0.0,</b>,<b>,0.0,0.0,0.0,</b>
0,<b>,0.0,0.23556075,0.0,</b>,<b>,0.0,0.14239508,0.0,0.0,0.05907562,0.0,0.0,0.06054743,0.0,0.15585168,</b>,<b>,0.0,0.0,0.030791966,0.01618121,0.06864248,0.050616894,0.011041367,0.0,0.0,0.0,</b>,<b>,0.0,0.0,0.0,</b>
0,<b>,0.0,0.23740694,0.25191587,</b>,<b>,0.037392054,0.26958448,0.0,0.0,0.0,0.0,0.0,0.0,0.0,0.1687502,</b>,<b>,0.0,0.0,0.08106382,0.0,0.087585,0.0,0.0,0.015662473,0.0,0.030375788,</b>,<b>,0.0,0.0,0.0,</b>
0,<b>,0.0,0.23760685,0.0,</b>,<b>,0.0,0.14363194,0.0,0.0,0.059588756,0.0,0.0,0.06107335,0.0,0.15720542,</b>,<b>,0.0,0.0,0.031059425,0.016321763,0.069238715,0.051056553,0.011137275,0.0,0.0,0.0,</b>,<b>,0.0,0.0,0.0,</b>
0,<b>,0.0,0.23822735,0.250634,</b>,<b>,0.036175005,0.26943892,0.0,0.0,0.0,0.0,0.0,0.0,0.0,0.16923358,</b>,<b>,0.0,0.0,0.080677845,0.0,0.0880941,0.0,0.0,0.016198436,0.0,0.030263392,</b>,<b>,0.0,0.0,0.0,</b>
0,<b>,0.0,0.2384573,0.26691285,</b>,<b>,0.04624052,0.2777248,0.0,0.0,0.0,0.0,0.0,0.0,0.0,0.1701403,</b>,<b>,0.0,0.0,0.0857187,0.0,0.08664114,0.0,0.0,0.012624084,0.0,0.03191221,</b>,<b>,0.0,0.0,0.0,</b>
0,<b>,0.0,0.23894703,0.0,</b>,<b>,0.0,0.14444207,0.0,0.0,0.059924856,0.0,0.0,0.061417826,0.0,0.15809211,</b>,<b>,0.0,0.0,0.031234613,0.01641382,0.069629245,0.051344533,0.011200095,0.0,0.0,0.0,</b>,<b>,0.0,0.0,0.0,</b>
0,<b>,0.0,0.2392018,0.2592734,</b>,<b>,0.041085426,0.27435163,0.0,0.0,0.0,0.0,0.0,0.0,0.0,0.17027876,</b>,<b>,0.0,0.0,0.08336423,0.0,0.08772422,0.0,0.0,0.014560196,0.0,0.031156162,</b>,<b>,0.0,0.0,0.0,</b>
0,<b>,0.0,0.24206828,0.28189692,</b>,<b>,0.053784758,0.2874065,0.0,0.0,0.0,0.0,0.0,0.0,0.0,0.17322393,</b>,<b>,0.0,0.0,0.090403035,0.0,0.08690375,0.0,0.0,0.01036575,0.0,0.033500537,</b>,<b>,0.0,0.0,0.0,</b>
0,<b>,0.0,0.2429217,0.226905,</b>,<b>,0.018956987,0.26040125,0.0,0.0,0.0,0.0,0.0,0.0,0.0,0.17123954,</b>,<b>,0.0,0.0,0.073395744,0.0,0.09257937,0.0,0.0,0.022935152,0.0,0.02796451,</b>,<b>,0.0,0.0,0.0,</b>
0,<b>,0.0,0.24341215,0.19974597,</b>,<b>,0.0017215762,0.24710575,0.0,0.0,0.0,0.0,0.0,0.0,0.0,0.17030513,</b>,<b>,0.0,0.0,0.064997196,0.0,0.09541486,0.0,0.0,0.029163772,0.0,0.02523184,</b>,<b>,0.0,0.0,0.0,</b>
0,<b>,0.0,0.2443575,0.0,</b>,<b>,0.0,0.14771266,0.0,0.0,0.061281733,0.0,0.0,0.062808506,0.0,0.16167179,</b>,<b>,0.0,0.0,0.031941857,0.016785482,0.07120586,0.05250712,0.011453698,0.0,0.0,0.0,</b>,<b>,0.0,0.0,0.0,</b>
0,<b>,0.0,0.2453832,0.0,</b>,<b>,0.0,0.1483327,0.0,0.0,0.061538965,0.0,0.0,0.06307215,0.0,0.16235042,</b>,<b>,0.0,0.0,0.032075934,0.016855936,0.07150474,0.052727528,0.011501778,0.0,0.0,0.0,</b>,<b>,0.0,0.0,0.0,</b>
0,<b>,0.0,0.24710533,0.0,</b>,<b>,0.0,0.14937371,0.0,0.0,0.061970852,0.0,0.0,0.0635148,0.0,0.1634898,</b>,<b>,0.0,0.0,0.032301046,0.016974239,0.07200657,0.053097572,0.011582492,0.0,0.0,0.0,</b>,<b>,0.0,0.0,0.0,</b>
0,<b>,0.0,0.24725342,0.0,</b>,<b>,0.0,0.14946324,0.0,0.0,0.062007993,0.0,0.0,0.063552864,0.0,0.16358778,</b>,<b>,0.0,0.0,0.032320403,0.016984403,0.07204973,0.053129397,0.011589432,0.0,0.0,0.0,</b>,<b>,0.0,0.0,0.0,</b>
0,<b>,0.0,0.24897653,0.23228495,</b>,<b>,0.019257063,0.2667538,0.0,0.0,0.0,0.0,0.0,0.0,0.0,0.17549491,</b>,<b>,0.0,0.0,0.07513981,0.0,0.09491335,0.0,0.0,0.023568524,0.0,0.028633686,</b>,<b>,0.0,0.0,0.0,</b>
0,<b>,0.0,0.25135487,0.0,</b>,<b>,0.0,0.15194254,0.0,0.0,0.06303658,0.0,0.0,0.06460708,0.0,0.16630138,</b>,<b>,0.0,0.0,0.03285654,0.017266143,0.0732449,0.054010708,0.011781682,0.0,0.0,0.0,</b>,<b>,0.0,0.0,0.0,</b>
0,<b>,0.0,0.25142467,0.0,</b>,<b>,0.0,0.15198472,0.0,0.0,0.06305409,0.0,0.0,0.06462502,0.0,0.16634756,</b>,<b>,0.0,0.0,0.032865662,0.01727094,0.07326523,0.054025706,0.011784953,0.0,0.0,0.0,</b>,<b>,0.0,0.0,0.0,</b>
0,<b>,0.0,0.25504506,0.27434206,</b>,<b>,0.04249066,0.29147,0.0,0.0,0.0,0.0,0.0,0.0,0.0,0.18145944,</b>,<b>,0.0,0.0,0.088234626,0.0,0.0937363,0.0,0.0,0.015995575,0.0,0.033007253,</b>,<b>,0.0,0.0,0.0,</b>
0,<b>,0.0,0.25531512,0.0,</b>,<b>,0.0,0.15433648,0.0,0.0,0.06402977,0.0,0.0,0.065625004,0.0,0.16892157,</b>,<b>,0.0,0.0,0.033374216,0.01753819,0.07439891,0.054861683,0.011967313,0.0,0.0,0.0,</b>,<b>,0.0,0.0,0.0,</b>
0,<b>,0.0,0.25742844,0.0,</b>,<b>,0.0,0.15561397,0.0,0.0,0.06455976,0.0,0.0,0.0661682,0.0,0.17031978,</b>,<b>,0.0,0.0,0.03365046,0.017683351,0.07501473,0.055315785,0.012066371,0.0,0.0,0.0,</b>,<b>,0.0,0.0,0.0,</b>
0,<b>,0.0,0.25758097,0.0,</b>,<b>,0.0,0.15570617,0.0,0.0,0.06459801,0.0,0.0,0.0662074,0.0,0.17042069,</b>,<b>,0.0,0.0,0.0336704,0.01769383,0.075059175,0.05534856,0.012073518,0.0,0.0,0.0,</b>,<b>,0.0,0.0,0.0,</b>
0,<b>,0.0,0.25880823,0.2603343,</b>,<b>,0.031824354,0.28673452,0.0,0.0,0.0,0.0,0.0,0.0,0.0,0.18329993,</b>,<b>,0.0,0.0,0.083948806,0.0,0.09685098,0.0,0.0,0.020273488,0.0,0.031670794,</b>,<b>,0.0,0.0,0.0,</b>
0,<b>,0.0,0.2588756,0.0,</b>,<b>,0.0,0.15648878,0.0,0.0,0.06492269,0.0,0.0,0.066540174,0.0,0.17127725,</b>,<b>,0.0,0.0,0.03383963,0.017782763,0.075436436,0.05562675,0.012134199,0.0,0.0,0.0,</b>,<b>,0.0,0.0,0.0,</b>
0,<b>,0.0,0.26069242,0.29412794,</b>,<b>,0.052007474,0.30478582,0.0,0.0,0.0,0.0,0.0,0.0,0.0,0.18611297,</b>,<b>,0.0,0.0,0.09443161,0.0,0.09449692,0.0,0.0,0.013280394,0.0,0.035122864,</b>,<b>,0.0,0.0,0.0,</b>
0,<b>,0.0,0.2617695,0.0,</b>,<b>,0.0,0.15823811,0.0,0.0,0.065648444,0.0,0.0,0.06728401,0.0,0.17319192,</b>,<b>,0.0,0.0,0.034217916,0.017981557,0.07627972,0.05624859,0.012269851,0.0,0.0,0.0,</b>,<b>,0.0,0.0,0.0,</b>
0,<b>,0.0,0.2621919,0.0,</b>,<b>,0.0,0.15849344,0.0,0.0,0.06575437,0.0,0.0,0.06739257,0.0,0.17347138,</b>,<b>,0.0,0.0,0.03427313,0.018010568,0.076402806,0.056339346,0.012289645,0.0,0.0,0.0,</b>,<b>,0.0,0.0,0.0,</b>
0,<b>,0.0,0.26248395,0.0,</b>,<b>,0.0,0.15867,0.0,0.0,0.065827616,0.0,0.0,0.067467645,0.0,0.17366461,</b>,<b>,0.0,0.0,0.03431131,0.018030634,0.076487914,0.056402102,0.012303336,0.0,0.0,0.0,</b>,<b>,0.0,0.0,0.0,</b>
0,<b>,0.0,0.2628373,0.0,</b>,<b>,0.0,0.15888359,0.0,0.0,0.065916225,0.0,0.0,0.06755847,0.0,0.17389838,</b>,<b>,0.0,0.0,0.034357492,0.018054899,0.07659087,0.05647803,0.012319896,0.0,0.0,0.0,</b>,<b>,0.0,0.0,0.0,</b>
0,<b>,0.0,0.26370698,0.22012478,</b>,<b>,0.004194812,0.26957262,0.0,0.0,0.0,0.0,0.0,0.0,0.0,0.18467721,</b>,<b>,0.0,0.0,0.07156912,0.0,0.103013,0.0,0.0,0.030761536,0.0,0.027711753,</b>,<b>,0.0,0.0,0.0,</b>
0,<b>,0.0,0.26456404,0.2742093,</b>,<b>,0.03758918,0.29715773,0.0,0.0,0.0,0.0,0.0,0.0,0.0,0.18775123,</b>,<b>,0.0,0.0,0.08831795,0.0,0.09822951,0.0,0.0,0.018914424,0.0,0.03319169,</b>,<b>,0.0,0.0,0.0,</b>
0,<b>,0.0,0.2685975,0.0,</b>,<b>,0.0,0.16236562,0.0,0.0,0.06736082,0.0,0.0,0.06903905,0.0,0.17770946,</b>,<b>,0.0,0.0,0.035110455,0.018450579,0.07826941,0.057715777,0.01258989,0.0,0.0,0.0,</b>,<b>,0.0,0.0,0.0,</b>
0,<b>,0.0,0.2698248,0.24387392,</b>,<b>,0.015952375,0.28515625,0.0,0.0,0.0,0.0,0.0,0.0,0.0,0.18982573,</b>,<b>,0.0,0.0,0.078998774,0.0,0.10361496,0.0,0.0,0.027301937,0.0,0.03023739,</b>,<b>,0.0,0.0,0.0,</b>
0,<b>,0.0,0.27002928,0.0,</b>,<b>,0.0,0.1632311,0.0,0.0,0.067719884,0.0,0.0,0.06940706,0.0,0.17865674,</b>,<b>,0.0,0.0,0.035297614,0.018548934,0.078686625,0.05802343,0.012657,0.0,0.0,0.0,</b>,<b>,0.0,0.0,0.0,</b>
0,<b>,0.0,0.27133238,0.23149648,</b>,<b>,0.007447543,0.27987316,0.0,0.0,0.0,0.0,0.0,0.0,0.0,0.19024944,</b>,<b>,0.0,0.0,0.07518801,0.0,0.10551159,0.0,0.0,0.030530289,0.0,0.029018687,</b>,<b>,0.0,0.0,0.0,</b>
0,<b>,0.0,0.27189305,0.25818628,</b>,<b>,0.023857392,0.29356924,0.0,0.0,0.0,0.0,0.0,0.0,0.0,0.19185755,</b>,<b>,0.0,0.0,0.08345508,0.0,0.10321585,0.0,0.0,0.024725739,0.0,0.031725816,</b>,<b>,0.0,0.0,0.0,</b>
0,<b>,0.0,0.27629638,0.28119156,</b>,<b>,0.036017563,0.3077442,0.0,0.0,0.0,0.0,0.0,0.0,0.0,0.19583723,</b>,<b>,0.0,0.0,0.09063212,0.0,0.10308216,0.0,0.0,0.020912288,0.0,0.03414069,</b>,<b>,0.0,0.0,0.0,</b>
0,<b>,0.0,0.2767967,0.23320992,</b>,<b>,0.0057532494,0.28403383,0.0,0.0,0.0,0.0,0.0,0.0,0.0,0.19394416,</b>,<b>,0.0,0.0,0.07578968,0.0,0.10791926,0.0,0.0,0.03180521,0.0,0.029305309,</b>,<b>,0.0,0.0,0.0,</b>
0,<b>,0.0,0.27751312,0.0,</b>,<b>,0.0,0.16775504,0.0,0.0,0.06959674,0.0,0.0,0.071330674,0.0,0.1836082,</b>,<b>,0.0,0.0,0.036275882,0.019063013,0.08086742,0.05963155,0.01300779,0.0,0.0,0.0,</b>,<b>,0.0,0.0,0.0,</b>
0,<b>,0.0,0.27943635,0.2737103,</b>,<b>,0.029748837,0.30589825,0.0,0.0,0.0,0.0,0.0,0.0,0.0,0.19756791,</b>,<b>,0.0,0.0,0.08835792,0.0,0.10527759,0.0,0.0,0.023540044,0.0,0.03345041,</b>,<b>,0.0,0.0,0.0,</b>
0,<b>,0.0,0.28021953,0.2119785,</b>,<b>,0.0,0.27547747,0.0,0.0,0.0,0.0,0.0,0.0,0.0,0.19522464,</b>,<b>,0.0,0.0,0.073323466,0.0,0.107677065,0.0,0.0,0.033397313,0.0,0.026141757,</b>,<b>,0.0,0.0,0.0,</b>
0,<b>,0.0,0.28110456,0.22182989,</b>,<b>,0.0,0.28094268,0.0,0.0,0.0,0.0,0.0,0.0,0.0,0.19626683,</b>,<b>,0.0,0.0,0.07387859,0.0,0.10954905,0.0,0.0,0.0340522,0.0,0.027828006,</b>,<b>,0.0,0.0,0.0,</b>
0,<b>,0.0,0.28152022,0.0,</b>,<b>,0.0,0.17017731,0.0,0.0,0.070601664,0.0,0.0,0.072360635,0.0,0.18625937,</b>,<b>,0.0,0.0,0.036799684,0.019338267,0.08203509,0.060492583,0.013195612,0.0,0.0,0.0,</b>,<b>,0.0,0.0,0.0,</b>
0,<b>,0.0,0.28170013,0.21671247,</b>,<b>,0.0,0.27874166,0.0,0.0,0.0,0.0,0.0,0.0,0.0,0.19642368,</b>,<b>,0.0,0.0,0.073838234,0.0,0.10884896,0.0,0.0,0.03379002,0.0,0.026911084,</b>,<b>,0.0,0.0,0.0,</b>
0,<b>,0.0,0.28340572,0.0,</b>,<b>,0.0,0.17131709,0.0,0.0,0.07107453,0.0,0.0,0.07284528,0.0,0.18750687,</b>,<b>,0.0,0.0,0.037046153,0.019467793,0.08258453,0.06089774,0.013283993,0.0,0.0,0.0,</b>,<b>,0.0,0.0,0.0,</b>
0,<b>,0.0,0.285309,0.25230503,</b>,<b>,0.013387794,0.29873577,0.0,0.0,0.0,0.0,0.0,0.0,0.0,0.20046118,</b>,<b>,0.0,0.0,0.08181034,0.0,0.110094614,0.0,0.0,0.030114204,0.0,0.031410687,</b>,<b>,0.0,0.0,0.0,</b>
0,<b>,0.0,0.2855671,0.28052977,</b>,<b>,0.030910853,0.3130171,0.0,0.0,0.0,0.0,0.0,0.0,0.0,0.20194025,</b>,<b>,0.0,0.0,0.09054848,0.0,0.10750925,0.0,0.0,0.023874212,0.0,0.034266535,</b>,<b>,0.0,0.0,0.0,</b>
0,<b>,0.0,0.2865672,0.0,</b>,<b>,0.0,0.17322819,0.0,0.0,0.07186739,0.0,0.0,0.07365789,0.0,0.18959858,</b>,<b>,0.0,0.0,0.037459414,0.01968496,0.08350578,0.061577074,0.013432187,0.0,0.0,0.0,</b>,<b>,0.0,0.0,0.0,</b>
0,<b>,0.0,0.28708717,0.0,</b>,<b>,0.0,0.1735425,0.0,0.0,0.071997784,0.0,0.0,0.07379154,0.0,0.18994258,</b>,<b>,0.0,0.0,0.037527382,0.01972068,0.083657295,0.0616888,0.013456553,0.0,0.0,0.0,</b>,<b>,0.0,0.0,0.0,</b>
0,<b>,0.0,0.2881763,0.0,</b>,<b>,0.0,0.17420088,0.0,0.0,0.07227093,0.0,0.0,0.07407149,0.0,0.19066317,</b>,<b>,0.0,0.0,0.037669748,0.019795489,0.083974674,0.061922837,0.013507596,0.0,0.0,0.0,</b>,<b>,0.0,0.0,0.0,</b>
0,<b>,0.0,0.28849348,0.24974817,</b>,<b>,0.0101765925,0.29938117,0.0,0.0,0.0,0.0,0.0,0.0,0.0,0.20244959,</b>,<b>,0.0,0.0,0.08106069,0.0,0.11183873,0.0,0.0,0.031653106,0.0,0.03121864,</b>,<b>,0.0,0.0,0.0,</b>
0,<b>,0.0,0.29082102,0.18552122,</b>,<b>,0.0,0.26864523,0.0,0.0,0.0,0.0,0.0,0.0004736238,0.0,0.20101242,</b>,<b>,0.0,0.0,0.07466409,0.0,0.10590309,0.0,0.0007531087,0.032551497,0.0,0.02101419,</b>,<b>,0.0,0.0,0.0,</b>
0,<b>,0.0,0.29086548,0.22288089,</b>,<b>,0.0,0.28736907,0.0,0.0,0.0,0.0,0.0,0.0,0.0,0.20277357,</b>,<b>,0.0,0.0,0.07620952,0.0,0.112243205,0.0,0.0,0.034836598,0.0,0.027632525,</b>,<b>,0.0,0.0,0.0,</b>
0,<b>,0.0,0.29330903,0.0,</b>,<b>,0.0,0.17730358,0.0,0.0,0.07355815,0.0,0.0,0.07539078,0.0,0.19405909,</b>,<b>,0.0,0.0,0.038340688,0.020148067,0.085470356,0.06302575,0.01374818,0.0,0.0,0.0,</b>,<b>,0.0,0.0,0.0,</b>
0,<b>,0.0,0.29380906,0.22646189,</b>,<b>,0.0,0.29094058,0.0,0.0,0.0,0.0,0.0,0.0,0.0,0.20488709,</b>,<b>,0.0,0.0,0.07702747,0.0,0.11360025,0.0,0.0,0.035268456,0.0,0.02814366,</b>,<b>,0.0,0.0,0.0,</b>
0,<b>,0.0,0.29422396,0.0,</b>,<b>,0.0,0.17785665,0.0,0.0,0.07378761,0.0,0.0,0.07562595,0.0,0.19466443,</b>,<b>,0.0,0.0,0.03846029,0.02021092,0.08573697,0.06322235,0.013791072,0.0,0.0,0.0,</b>,<b>,0.0,0.0,0.0,</b>
0,<b>,0.0,0.2984469,0.0,</b>,<b>,0.0,0.18040939,0.0,0.0,0.07484666,0.0,0.0,0.076711394,0.0,0.1974584,</b>,<b>,0.0,0.0,0.039012298,0.020501,0.08696752,0.06412976,0.0139890155,0.0,0.0,0.0,</b>,<b>,0.0,0.0,0.0,</b>
0,<b>,0.0,0.2995302,0.0,</b>,<b>,0.0,0.18106425,0.0,0.0,0.07511834,0.0,0.0,0.076989844,0.0,0.19817515,</b>,<b>,0.0,0.0,0.039153907,0.02057542,0.0872832,0.06436254,0.014039789,0.0,0.0,0.0,</b>,<b>,0.0,0.0,0.0,</b>
0,<b>,0.0,0.30024916,0.0,</b>,<b>,0.0,0.18149884,0.0,0.0,0.075298645,0.0,0.0,0.077174634,0.0,0.19865082,</b>,<b>,0.0,0.0,0.03924789,0.020624805,0.087492704,0.06451702,0.014073491,0.0,0.0,0.0,</b>,<b>,0.0,0.0,0.0,</b>
0,<b>,0.0,0.3009875,0.24807858,</b>,<b>,0.002807922,0.30609816,0.0,0.0,0.0,0.0,0.0,0.0,0.0,0.2106385,</b>,<b>,0.0,0.0,0.0807073,0.0,0.11787963,0.0,0.0,0.035818942,0.0,0.031309694,</b>,<b>,0.0,0.0,0.0,</b>
0,<b>,0.0,0.30383658,0.0,</b>,<b>,0.0,0.18366742,0.0,0.0,0.076198325,0.0,0.0,0.07809673,0.0,0.20102432,</b>,<b>,0.0,0.0,0.039716825,0.020871228,0.08853808,0.06528789,0.0142416395,0.0,0.0,0.0,</b>,<b>,0.0,0.0,0.0,</b>
0,<b>,0.0,0.30689317,0.0,</b>,<b>,0.0,0.1855151,0.0,0.0,0.07696488,0.0,0.0,0.07888238,0.0,0.20304663,</b>,<b>,0.0,0.0,0.04011638,0.021081205,0.08942877,0.06594469,0.014384919,0.0,0.0,0.0,</b>,<b>,0.0,0.0,0.0,</b>
0,<b>,0.0,0.3074976,0.0,</b>,<b>,0.0,0.18588048,0.0,0.0,0.07711646,0.0,0.0,0.07903774,0.0,0.20344652,</b>,<b>,0.0,0.0,0.040195387,0.021122716,0.0896049,0.06607456,0.014413243,0.0,0.0,0.0,</b>,<b>,0.0,0.0,0.0,</b>
0,<b>,0.0,0.30798316,0.19434358,</b>,<b>,0.0,0.28343487,0.0,0.0,0.0,0.0,0.0,0.0013526608,0.0,0.21277618,</b>,<b>,0.0,0.0,0.07860259,0.0,0.11162635,0.0,0.0010349064,0.034261964,0.0,0.021712432,</b>,<b>,0.0,0.0,0.0,</b>
0,<b>,0.0,0.30865425,0.17853943,</b>,<b>,0.0,0.2759312,0.0,0.0,0.0,0.0,0.0,0.007852711,0.0,0.21248761,</b>,<b>,0.0,0.0,0.07520397,0.0,0.10785127,0.0,0.0028490361,0.032729797,0.0,0.017623205,</b>,<b>,0.0,0.0,0.0,</b>
0,<b>,0.0,0.30882698,0.19610454,</b>,<b>,0.0,0.28482625,0.0,0.0,0.0,0.0,0.0,0.0008645144,0.0,0.2134161,</b>,<b>,0.0,0.0,0.0790882,0.0,0.11223638,0.0,0.0009005775,0.034477476,0.0,0.02208507,</b>,<b>,0.0,0.0,0.0,</b>
0,<b>,0.0,0.30983484,0.0,</b>,<b>,0.0,0.18729334,0.0,0.0,0.07770261,0.0,0.0,0.079638496,0.0,0.20499289,</b>,<b>,0.0,0.0,0.040500905,0.021283267,0.09028597,0.06657678,0.014522793,0.0,0.0,0.0,</b>,<b>,0.0,0.0,0.0,</b>
0,<b>,0.0,0.31112027,0.0,</b>,<b>,0.0,0.18807037,0.0,0.0,0.07802498,0.0,0.0,0.0799689,0.0,0.20584336,</b>,<b>,0.0,0.0,0.04066893,0.02137157,0.09066056,0.066852994,0.014583051,0.0,0.0,0.0,</b>,<b>,0.0,0.0,0.0,</b>
0,<b>,0.0,0.31316304,0.0,</b>,<b>,0.0,0.18930522,0.0,0.0,0.078537285,0.0,0.0,0.080493964,0.0,0.2071949,</b>,<b>,0.0,0.0,0.04093596,0.02151188,0.091255814,0.067291945,0.01467879,0.0,0.0,0.0,</b>,<b>,0.0,0.0,0.0,</b>
0,<b>,0.0,0.31645826,0.1935414,</b>,<b>,0.0,0.28815654,0.0,0.0,0.0,0.0,0.0,0.0038522363,0.0,0.2183463,</b>,<b>,0.0,0.0,0.07941262,0.0,0.11317517,0.0,0.0017500878,0.03459581,0.0,0.020742195,</b>,<b>,0.0,0.0,0.0,</b>
0,<b>,0.0,0.31674987,0.0,</b>,<b>,0.0,0.19147342,0.0,0.0,0.07943682,0.0,0.0,0.0814159,0.0,0.20956802,</b>,<b>,0.0,0.0,0.041404825,0.021758283,0.09230102,0.06806267,0.01484692,0.0,0.0,0.0,</b>,<b>,0.0,0.0,0.0,</b>
0,<b>,0.0,0.3172589,0.14544094,</b>,<b>,0.0,0.26456827,0.0,0.0,0.013355295,0.0,0.0,0.023316143,0.0,0.21664642,</b>,<b>,0.0,0.0,0.06968674,0.0,0.10596737,0.004720022,0.0057449443,0.022725353,0.0,0.0021533163,</b>,<b>,0.0,0.0,0.0,</b>
0,<b>,0.0,0.3181848,0.17628351,</b>,<b>,0.0,0.28056338,0.0,0.0,0.0,0.0,0.0,0.011205602,0.0,0.21868865,</b>,<b>,0.0,0.0,0.075817056,0.0,0.109257765,0.0,0.003804433,0.032971166,0.0,0.016187048,</b>,<b>,0.0,0.0,0.0,</b>
0,<b>,0.0,0.3196153,0.0,</b>,<b>,0.0,0.19320557,0.0,0.0,0.080155425,0.0,0.0,0.08215242,0.0,0.21146385,</b>,<b>,0.0,0.0,0.041779388,0.021955114,0.09313601,0.06867839,0.014981243,0.0,0.0,0.0,</b>,<b>,0.0,0.0,0.0,</b>
0,<b>,0.0,0.32304442,0.1737858,</b>,<b>,0.0,0.282251,0.0,0.0,0.0019027821,0.0,0.0,0.013454712,0.0,0.2217881,</b>,<b>,0.0,0.0,0.075941876,0.0,0.1102878,0.0,0.0042375964,0.031942606,0.0,0.014220061,</b>,<b>,0.0,0.0,0.0,</b>
0,<b>,0.0,0.32509705,0.24854013,</b>,<b>,0.0,0.32090324,0.0,0.0,0.0,0.0,0.0,0.0,0.0,0.22661124,</b>,<b>,0.0,0.0,0.085158385,0.0,0.12535764,0.0,0.0,0.038902283,0.0,0.030784776,</b>,<b>,0.0,0.0,0.0,</b>
0,<b>,0.0,0.32865453,0.0,</b>,<b>,0.0,0.19866972,0.0,0.0,0.082422346,0.0,0.0,0.08447582,0.0,0.21744438,</b>,<b>,0.0,0.0,0.04296097,0.022576042,0.09577003,0.07062073,0.015404931,0.0,0.0,0.0,</b>,<b>,0.0,0.0,0.0,</b>
0,<b>,0.0,0.3288607,0.16587973,</b>,<b>,0.0,0.28181025,0.0,0.0,0.006960517,0.0,0.0,0.01811508,0.0,0.2252698,</b>,<b>,0.0,0.0,0.0751684,0.0,0.11124784,0.0,0.0050063003,0.028736891,0.0,0.009310269,</b>,<b>,0.0,0.0,0.0,</b>
0,<b>,0.0,0.3302515,0.0,</b>,<b>,0.0,0.19963507,0.0,0.0,0.082822844,0.0,0.0,0.0848863,0.0,0.21850096,</b>,<b>,0.0,0.0,0.043169722,0.022685735,0.096235394,0.070963874,0.015479779,0.0,0.0,0.0,</b>,<b>,0.0,0.0,0.0,</b>
0,<b>,0.0,0.33164263,0.0,</b>,<b>,0.0,0.200476,0.0,0.0,0.083171725,0.0,0.0,0.085243866,0.0,0.21942136,</b>,<b>,0.0,0.0,0.043351572,0.022781294,0.096640766,0.07126281,0.015544985,0.0,0.0,0.0,</b>,<b>,0.0,0.0,0.0,</b>
0,<b>,0.0,0.33253166,0.0,</b>,<b>,0.0,0.20101343,0.0,0.0,0.083394684,0.0,0.0,0.08547238,0.0,0.22000957,</b>,<b>,0.0,0.0,0.043467782,0.022842368,0.09689984,0.07145384,0.015586661,0.0,0.0,0.0,</b>,<b>,0.0,0.0,0.0,</b>
0,<b>,0.0,0.33310458,0.0,</b>,<b>,0.0,0.20135975,0.0,0.0,0.08353836,0.0,0.0,0.08561964,0.0,0.22038862,</b>,<b>,0.0,0.0,0.043542672,0.022881718,0.097066775,0.071576945,0.015613516,0.0,0.0,0.0,</b>,<b>,0.0,0.0,0.0,</b>
0,<b>,0.0,0.33516997,0.20159061,</b>,<b>,0.0,0.30349597,0.0,0.0,0.0,0.0,0.0,0.005439121,0.0,0.23109943,</b>,<b>,0.0,0.0,0.083361395,0.0,0.11902649,0.0,0.0022325653,0.036305286,0.0,0.021103356,</b>,<b>,0.0,0.0,0.0,</b>
0,<b>,0.0,0.33553877,0.1388439,</b>,<b>,0.0,0.27231678,0.0,0.0,0.020942835,0.0,0.0,0.030655995,0.0,0.22843495,</b>,<b>,0.0,0.0,0.07079642,0.0,0.110680975,0.011526089,0.007015712,0.01890327,0.0,0.0,</b>,<b>,0.0,0.0,0.0,</b>
0,<b>,0.0,0.3357436,0.0,</b>,<b>,0.0,0.20295502,0.0,0.0,0.084200196,0.0,0.0,0.08629797,0.0,0.22213465,</b>,<b>,0.0,0.0,0.043887638,0.023063002,0.097835794,0.07214401,0.015737213,0.0,0.0,0.0,</b>,<b>,0.0,0.0,0.0,</b>
0,<b>,0.0,0.33641917,0.0,</b>,<b>,0.0,0.2033634,0.0,0.0,0.08436962,0.0,0.0,0.08647161,0.0,0.22258161,</b>,<b>,0.0,0.0,0.043975946,0.023109404,0.09803266,0.07228918,0.01576887,0.0,0.0,0.0,</b>,<b>,0.0,0.0,0.0,</b>
0,<b>,0.0,0.33705106,0.0,</b>,<b>,0.0,0.20374538,0.0,0.0,0.08452809,0.0,0.0,0.086634025,0.0,0.22299969,</b>,<b>,0.0,0.0,0.04405855,0.023152811,0.098216794,0.072424956,0.015798496,0.0,0.0,0.0,</b>,<b>,0.0,0.0,0.0,</b>
0,<b>,0.0,0.33773607,0.1920824,</b>,<b>,0.0,0.3002887,0.0,0.0,0.0,0.0,0.0,0.009905526,0.0,0.23235649,</b>,<b>,0.0,0.0,0.0815684,0.0,0.11720116,0.0,0.0034836277,0.035488937,0.0,0.01844779,</b>,<b>,0.0,0.0,0.0,</b>
0,<b>,0.0,0.33777943,0.0,</b>,<b>,0.0,0.20418568,0.0,0.0,0.084710754,0.0,0.0,0.08682124,0.0,0.2234816,</b>,<b>,0.0,0.0,0.04415376,0.023202842,0.09842904,0.07258147,0.01583263,0.0,0.0,0.0,</b>,<b>,0.0,0.0,0.0,</b>
0,<b>,0.0,0.3385821,0.20789032,</b>,<b>,0.0,0.30871132,0.0,0.0,0.0,0.0,0.0,0.0037939283,0.0,0.23364899,</b>,<b>,0.0,0.0,0.08514443,0.0,0.12128997,0.0,0.0017810587,0.037095457,0.0,0.022400886,</b>,<b>,0.0,0.0,0.0,</b>
0,<b>,0.0,0.33898026,0.17571428,</b>,<b>,0.0,0.29284924,0.0,0.0,0.0050213784,0.0,0.0,0.016778678,0.0,0.23242095,</b>,<b>,0.0,0.0,0.07839909,0.0,0.11511075,0.0,0.0048635476,0.031241825,0.0,0.011811092,</b>,<b>,0.0,0.0,0.0,</b>
0,<b>,0.0,0.33994213,0.20335075,</b>,<b>,0.0,0.3072616,0.0,0.0,0.0,0.0,0.0,0.00596102,0.0,0.23433839,</b>,<b>,0.0,0.0,0.08430409,0.0,0.1204463,0.0,0.0023883171,0.03671228,0.0,0.02112084,</b>,<b>,0.0,0.0,0.0,</b>
0,<b>,0.0,0.3404057,0.13178387,</b>,<b>,0.0,0.27172557,0.0,0.0,0.025377335,0.0,0.0,0.03473361,0.0,0.23132776,</b>,<b>,0.0,0.0,0.07006298,0.0,0.111443,0.015651988,0.007686834,0.016068539,0.0,0.0,</b>,<b>,0.0,0.0,0.0,</b>
0,<b>,0.0,0.3406911,0.16251579,</b>,<b>,0.0,0.28727812,0.0,0.0,0.011458795,0.0,0.0,0.022502737,0.0,0.23294109,</b>,<b>,0.0,0.0,0.07606224,0.0,0.11438254,0.002305788,0.005771898,0.026573567,0.0,0.0052769287,</b>,<b>,0.0,0.0,0.0,</b>
0,<b>,0.0,0.34155926,0.019715667,</b>,<b>,0.0,0.21633741,0.0,0.0,0.076683514,0.0,0.0,0.07989918,0.0,0.22689627,</b>,<b>,0.0,0.0,0.04847266,0.016652051,0.10136294,0.064792246,0.014772727,0.0,0.0,0.0,</b>,<b>,0.0,0.0,0.0,</b>
0,<b>,0.0,0.34183705,0.17732581,</b>,<b>,0.0,0.29538265,0.0,0.0,0.005004208,0.0,0.0,0.016867757,0.0,0.23438576,</b>,<b>,0.0,0.0,0.079085164,0.0,0.116093,0.0,0.004896346,0.031549893,0.0,0.011971807,</b>,<b>,0.0,0.0,0.0,</b>
0,<b>,0.0,0.34186795,0.0,</b>,<b>,0.0,0.20665716,0.0,0.0,0.0857361,0.0,0.0,0.08787214,0.0,0.22618665,</b>,<b>,0.0,0.0,0.044688202,0.023483697,0.099620424,0.073460005,0.016024278,0.0,0.0,0.0,</b>,<b>,0.0,0.0,0.0,</b>
0,<b>,0.0,0.34313685,0.0,</b>,<b>,0.0,0.2074242,0.0,0.0,0.086054325,0.0,0.0,0.08819829,0.0,0.22702616,</b>,<b>,0.0,0.0,0.044854067,0.023570854,0.09999019,0.07373266,0.01608375,0.0,0.0,0.0,</b>,<b>,0.0,0.0,0.0,</b>
0,<b>,0.0,0.34431744,0.0,</b>,<b>,0.0,0.20813785,0.0,0.0,0.086350404,0.0,0.0,0.088501744,0.0,0.22780727,</b>,<b>,0.0,0.0,0.04500839,0.023651961,0.10033421,0.073986344,0.016139084,0.0,0.0,0.0,</b>,<b>,0.0,0.0,0.0,</b>
0,<b>,0.0,0.34449938,0.15934297,</b>,<b>,0.0,0.28799236,0.0,0.0,0.013858225,0.0,0.0,0.024751911,0.0,0.23531365,</b>,<b>,0.0,0.0,0.07594453,0.0,0.11519739,0.00450832,0.0061494783,0.025161127,0.0,0.0030002235,</b>,<b>,0.0,0.0,0.0,</b>
0,<b>,0.0,0.3452983,0.17299989,</b>,<b>,0.0,0.29531002,0.0,0.0,0.00784154,0.0,0.0,0.019489406,0.0,0.23647526,</b>,<b>,0.0,0.0,0.07869838,0.0,0.11669954,0.0,0.0053300005,0.029772019,0.0,0.009227407,</b>,<b>,0.0,0.0,0.0,</b>
0,<b>,0.0,0.34628955,0.11275813,</b>,<b>,0.0,0.26576075,0.0,0.0,0.03551403,0.0,0.0,0.043863356,0.0,0.23433873,</b>,<b>,0.0,0.0,0.06714113,0.0,0.11138922,0.025216725,0.009156409,0.009047211,0.0,0.0,</b>,<b>,0.0,0.0,0.0,</b>
0,<b>,0.0,0.3465539,0.0,</b>,<b>,0.0,0.20948978,0.0,0.0,0.086911276,0.0,0.0,0.089076586,0.0,0.22928695,</b>,<b>,0.0,0.0,0.04530074,0.023805588,0.100985914,0.07446691,0.01624392,0.0,0.0,0.0,</b>,<b>,0.0,0.0,0.0,</b>
0,<b>,0.0,0.3468669,0.0,</b>,<b>,0.0,0.209679,0.0,0.0,0.08698978,0.0,0.0,0.089157045,0.0,0.22949405,</b>,<b>,0.0,0.0,0.045341656,0.023827087,0.101077124,0.07453417,0.016258592,0.0,0.0,0.0,</b>,<b>,0.0,0.0,0.0,</b>
0,<b>,0.0,0.34853578,0.078476936,</b>,<b>,0.0,0.24996226,0.0,0.0,0.051683206,0.0,0.0,0.058165975,0.0,0.23423585,</b>,<b>,0.0,0.0,0.060784243,0.0,0.1088575,0.04065537,0.011412714,0.0,0.0,0.0,</b>,<b>,0.0,0.0,0.0,</b>
0,<b>,0.0,0.34968084,0.18314402,</b>,<b>,0.0,0.30303597,0.0,0.0,0.0043227086,0.0,0.0,0.016554441,0.0,0.23984507,</b>,<b>,0.0,0.0,0.081239216,0.0,0.11891946,0.0,0.00489893,0.03287318,0.0,0.013065412,</b>,<b>,0.0,0.0,0.0,</b>
0,<b>,0.0,0.3503337,0.13991389,</b>,<b>,0.0,0.2817957,0.0,0.0,0.024166116,0.0,0.0,0.03403041,0.0,0.23827316,</b>,<b>,0.0,0.0,0.07293796,0.0,0.11509167,0.014238385,0.0076420526,0.018005831,0.0,0.0,</b>,<b>,0.0,0.0,0.0,</b>
0,<b>,0.0,0.35210186,0.14762005,</b>,<b>,0.0,0.28672117,0.0,0.0,0.02110147,0.0,0.0,0.03139956,0.0,0.23980023,</b>,<b>,0.0,0.0,0.07466408,0.0,0.116323166,0.0112563325,0.0072414093,0.020495059,0.0,0.0,</b>,<b>,0.0,0.0,0.0,</b>
0,<b>,0.0,0.35615924,0.13204595,</b>,<b>,0.0,0.28137967,0.0,0.0,0.02920881,0.0,0.0,0.03867789,0.0,0.24176276,</b>,<b>,0.0,0.0,0.07217309,0.0,0.116057955,0.018922735,0.008408788,0.014812394,0.0,0.0,</b>,<b>,0.0,0.0,0.0,</b>
0,<b>,0.0,0.35620528,0.16597942,</b>,<b>,0.0,0.29838976,0.0,0.0,0.013772806,0.0,0.0,0.025103696,0.0,0.24336614,</b>,<b>,0.0,0.0,0.07876216,0.0,0.11922531,0.004128365,0.0062817656,0.026434787,0.0,0.0036742408,</b>,<b>,0.0,0.0,0.0,</b>
0,<b>,0.0,0.3564406,0.0,</b>,<b>,0.0,0.21546625,0.0,0.0,0.08939074,0.0,0.0,0.09161782,0.0,0.23582819,</b>,<b>,0.0,0.0,0.046593104,0.024484722,0.10386691,0.07659134,0.016707331,0.0,0.0,0.0,</b>,<b>,0.0,0.0,0.0,</b>
0,<b>,0.0,0.3568427,0.20047891,</b>,<b>,0.0,0.31604064,0.0,0.0,0.0,0.0,0.0,0.011454874,0.0,0.24538702,</b>,<b>,0.0,0.0,0.085639544,0.0,0.123219885,0.0,0.003956507,0.037252054,0.0,0.01886177,</b>,<b>,0.0,0.0,0.0,</b>
0,<b>,0.0,0.35701314,0.0,</b>,<b>,0.0,0.21581233,0.0,0.0,0.08953433,0.0,0.0,0.09176499,0.0,0.236207,</b>,<b>,0.0,0.0,0.046667945,0.024524057,0.104033746,0.076714374,0.016734164,0.0,0.0,0.0,</b>,<b>,0.0,0.0,0.0,</b>
0,<b>,0.0,0.35727164,0.0,</b>,<b>,0.0,0.2159686,0.0,0.0,0.089599155,0.0,0.0,0.09183143,0.0,0.23637803,</b>,<b>,0.0,0.0,0.046701737,0.02454181,0.10410908,0.076769926,0.01674629,0.0,0.0,0.0,</b>,<b>,0.0,0.0,0.0,</b>
0,<b>,0.0,0.35775077,0.16630815,</b>,<b>,0.0,0.29948854,0.0,0.0,0.01401075,0.0,0.0,0.025369322,0.0,0.2444039,</b>,<b>,0.0,0.0,0.07902796,0.0,0.11970624,0.0043170387,0.0063335714,0.026415376,0.0,0.0035069631,</b>,<b>,0.0,0.0,0.0,</b>
0,<b>,0.0,0.35781753,0.0,</b>,<b>,0.0,0.21629858,0.0,0.0,0.08973606,0.0,0.0,0.09197174,0.0,0.2367392,</b>,<b>,0.0,0.0,0.046773095,0.024579313,0.10426815,0.07688723,0.016771877,0.0,0.0,0.0,</b>,<b>,0.0,0.0,0.0,</b>
0,<b>,0.0,0.3600716,0.0,</b>,<b>,0.0,0.21766116,0.0,0.0,0.09030135,0.0,0.0,0.09255112,0.0,0.23823054,</b>,<b>,0.0,0.0,0.04706774,0.024734147,0.104924984,0.077371575,0.016877532,0.0,0.0,0.0,</b>,<b>,0.0,0.0,0.0,</b>
0,<b>,0.0,0.36028165,0.11966607,</b>,<b>,0.0,0.27767602,0.0,0.0,0.035878364,0.0,0.0,0.044694066,0.0,0.24391638,</b>,<b>,0.0,0.0,0.07031028,0.0,0.116108574,0.025209572,0.009378801,0.010218565,0.0,0.0,</b>,<b>,0.0,0.0,0.0,</b>
0,<b>,0.0,0.3613902,0.0,</b>,<b>,0.0,0.21845825,0.0,0.0,0.09063204,0.0,0.0,0.09289005,0.0,0.23910294,</b>,<b>,0.0,0.0,0.047240105,0.02482472,0.10530923,0.077654906,0.016939333,0.0,0.0,0.0,</b>,<b>,0.0,0.0,0.0,</b>
0,<b>,0.0,0.3620723,0.0,</b>,<b>,0.0,0.21887057,0.0,0.0,0.090803094,0.0,0.0,0.093065366,0.0,0.23955423,</b>,<b>,0.0,0.0,0.047329266,0.02487157,0.105507985,0.07780148,0.016971307,0.0,0.0,0.0,</b>,<b>,0.0,0.0,0.0,</b>
0,<b>,0.0,0.36270136,0.0,</b>,<b>,0.0,0.21925083,0.0,0.0,0.09096086,0.0,0.0,0.09322706,0.0,0.23997043,</b>,<b>,0.0,0.0,0.047411494,0.024914792,0.1056913,0.07793666,0.017000796,0.0,0.0,0.0,</b>,<b>,0.0,0.0,0.0,</b>
0,<b>,0.0,0.36322287,0.0,</b>,<b>,0.0,0.21956608,0.0,0.0,0.09109165,0.0,0.0,0.0933611,0.0,0.24031548,</b>,<b>,0.0,0.0,0.04747967,0.02495062,0.10584326,0.07804871,0.017025245,0.0,0.0,0.0,</b>,<b>,0.0,0.0,0.0,</b>
0,<b>,0.0,0.36346164,0.0,</b>,<b>,0.0,0.21971042,0.0,0.0,0.09115153,0.0,0.0,0.09342248,0.0,0.24047346,</b>,<b>,0.0,0.0,0.04751088,0.024967019,0.10591285,0.07810002,0.017036425,0.0,0.0,0.0,</b>,<b>,0.0,0.0,0.0,</b>
0,<b>,0.0,0.36468413,0.055032127,</b>,<b>,0.0,0.2479907,0.0,0.0,0.0664058,0.0,0.0,0.07170334,0.0,0.24383318,</b>,<b>,0.0,0.0,0.05834685,0.0060410807,0.11138405,0.05435365,0.013640686,0.0,0.0,0.0,</b>,<b>,0.0,0.0,0.0,</b>
0,<b>,0.0,0.3669963,0.13274136,</b>,<b>,0.0,0.2882786,0.0,0.0,0.03161003,0.0,0.0,0.041184973,0.0,0.248965,</b>,<b>,0.0,0.0,0.07372459,0.0,0.1192805,0.020947995,0.008873114,0.0141247595,0.0,0.0,</b>,<b>,0.0,0.0,0.0,</b>
0,<b>,0.0,0.36927792,0.108971745,</b>,<b>,0.0,0.27776214,0.0,0.0,0.043002896,0.0,0.0,0.051288147,0.0,0.2493728,</b>,<b>,0.0,0.0,0.06941157,0.0,0.11773611,0.031808328,0.010471519,0.005785844,0.0,0.0,</b>,<b>,0.0,0.0,0.0,</b>
0,<b>,0.0,0.36935163,0.16429165,</b>,<b>,0.0,0.305492,0.0,0.0,0.017838063,0.0,0.0,0.0291585,0.0,0.2519858,</b>,<b>,0.0,0.0,0.0801532,0.0,0.1228993,0.0076895524,0.007003863,0.024733333,0.0,0.0001521287,</b>,<b>,0.0,0.0,0.0,</b>
0,<b>,0.0,0.37013638,0.0045772046,</b>,<b>,0.0,0.22603595,0.0,0.0,0.09074178,0.0,0.0,0.09330553,0.0,0.24510176,</b>,<b>,0.0,0.0,0.04927136,0.023844406,0.10828329,0.07753736,0.017062092,0.0,0.0,0.0,</b>,<b>,0.0,0.0,0.0,</b>
0,<b>,0.0,0.3701934,0.1261445,</b>,<b>,0.0,0.2869098,0.0,0.0,0.03541492,0.0,0.0,0.044647947,0.0,0.25077447,</b>,<b>,0.0,0.0,0.07286272,0.0,0.11959899,0.024513021,0.009436902,0.011591383,0.0,0.0,</b>,<b>,0.0,0.0,0.0,</b>
0,<b>,0.0,0.37035507,0.10700396,</b>,<b>,0.0,0.27742848,0.0,0.0,0.044168826,0.0,0.0,0.052352857,0.0,0.24999422,</b>,<b>,0.0,0.0,0.06917062,0.0,0.11786709,0.032898273,0.010645467,0.0050196075,0.0,0.0,</b>,<b>,0.0,0.0,0.0,</b>
0,<b>,0.0,0.37199166,0.0,</b>,<b>,0.0,0.22486676,0.0,0.0,0.093290746,0.0,0.0,0.09561499,0.0,0.24611709,</b>,<b>,0.0,0.0,0.048625905,0.025552958,0.10839849,0.079932936,0.017436257,0.0,0.0,0.0,</b>,<b>,0.0,0.0,0.0,</b>
0,<b>,0.0,0.3724064,0.0,</b>,<b>,0.0,0.22511746,0.0,0.0,0.09339476,0.0,0.0,0.095721595,0.0,0.24639148,</b>,<b>,0.0,0.0,0.048680115,0.025581447,0.10851934,0.08002205,0.017455691,0.0,0.0,0.0,</b>,<b>,0.0,0.0,0.0,</b>
0,<b>,0.0,0.37266254,0.0,</b>,<b>,0.0,0.22527231,0.0,0.0,0.093458995,0.0,0.0,0.095787436,0.0,0.24656096,</b>,<b>,0.0,0.0,0.048713602,0.025599048,0.108594,0.08007709,0.017467698,0.0,0.0,0.0,</b>,<b>,0.0,0.0,0.0,</b>
0,<b>,0.0,0.37277445,0.06850296,</b>,<b>,0.0,0.25962284,0.0,0.0,0.062302414,0.0,0.0,0.068389475,0.0,0.24981031,</b>,<b>,0.0,0.0,0.062017724,0.0019435458,0.11499362,0.050215114,0.013174659,0.0,0.0,0.0,</b>,<b>,0.0,0.0,0.0,</b>
0,<b>,0.0,0.37351596,0.0,</b>,<b>,0.0,0.22578819,0.0,0.0,0.09367302,0.0,0.0,0.096006796,0.0,0.2471256,</b>,<b>,0.0,0.0,0.048825156,0.02565767,0.10884267,0.08026048,0.017507706,0.0,0.0,0.0,</b>,<b>,0.0,0.0,0.0,</b>
0,<b>,0.0,0.37379816,0.09469751,</b>,<b>,0.0,0.27335095,0.0,0.0,0.05063458,0.0,0.0,0.058165018,0.0,0.2517018,</b>,<b>,0.0,0.0,0.06723325,0.0,0.11772658,0.039007094,0.011579037,0.00050899014,0.0,0.0,</b>,<b>,0.0,0.0,0.0,</b>
0,<b>,0.0,0.37411627,0.057203054,</b>,<b>,0.0,0.25477883,0.0,0.0,0.06778299,0.0,0.0,0.07325855,0.0,0.2501743,</b>,<b>,0.0,0.0,0.06000096,0.0059390906,0.11433437,0.055433292,0.013946574,0.0,0.0,0.0,</b>,<b>,0.0,0.0,0.0,</b>
0,<b>,0.0,0.3749593,0.029051714,</b>,<b>,0.0,0.24119985,0.0,0.0,0.080809765,0.0,0.0,0.084746264,0.0,0.24942715,</b>,<b>,0.0,0.0,0.054649822,0.015721396,0.11196348,0.06789613,0.015752474,0.0,0.0,0.0,</b>,<b>,0.0,0.0,0.0,</b>
0,<b>,0.0,0.3753216,0.0,</b>,<b>,0.0,0.22687969,0.0,0.0,0.09412585,0.0,0.0,0.09647091,0.0,0.24832024,</b>,<b>,0.0,0.0,0.049061183,0.025781699,0.10936884,0.080648474,0.017592344,0.0,0.0,0.0,</b>,<b>,0.0,0.0,0.0,</b>
0,<b>,0.0,0.3757636,0.13209116,</b>,<b>,0.0,0.293253,0.0,0.0,0.034104753,0.0,0.0,0.043698803,0.0,0.25473547,</b>,<b>,0.0,0.0,0.07474449,0.0,0.12177487,0.023115564,0.00932486,0.013152933,0.0,0.0,</b>,<b>,0.0,0.0,0.0,</b>
0,<b>,0.0,0.37638775,0.0,</b>,<b>,0.0,0.22752418,0.0,0.0,0.09439323,0.0,0.0,0.09674494,0.0,0.24902563,</b>,<b>,0.0,0.0,0.049200553,0.025854941,0.10967952,0.08087756,0.017642315,0.0,0.0,0.0,</b>,<b>,0.0,0.0,0.0,</b>
0,<b>,0.0,0.37781546,0.0,</b>,<b>,0.0,0.2283872,0.0,0.0,0.094751276,0.0,0.0,0.09711192,0.0,0.24997023,</b>,<b>,0.0,0.0,0.049387176,0.02595301,0.11009554,0.08118434,0.017709231,0.0,0.0,0.0,</b>,<b>,0.0,0.0,0.0,</b>
0,<b>,0.0,0.3791135,0.15175405,</b>,<b>,0.0,0.30511844,0.0,0.0,0.025993718,0.0,0.0,0.03668736,0.0,0.25786328,</b>,<b>,0.0,0.0,0.078996964,0.0,0.124578595,0.015256992,0.008248114,0.019603645,0.0,0.0,</b>,<b>,0.0,0.0,0.0,</b>
0,<b>,0.0,0.37988827,0.0060271844,</b>,<b>,0.0,0.23265657,0.0,0.0,0.09252735,0.0,0.0,0.09523158,0.0,0.251621,</b>,<b>,0.0,0.0,0.050827395,0.024013402,0.11125976,0.07900024,0.017428199,0.0,0.0,0.0,</b>,<b>,0.0,0.0,0.0,</b>
0,<b>,0.0,0.38019943,0.08550263,</b>,<b>,0.0,0.27261883,0.0,0.0,0.056425728,0.0,0.0,0.063491754,0.0,0.2555108,</b>,<b>,0.0,0.0,0.06628621,0.0,0.118737295,0.044394072,0.012456026,0.0,0.0,0.0,</b>,<b>,0.0,0.0,0.0,</b>
0,<b>,0.0,0.38028872,0.1535628,</b>,<b>,0.0,0.30673409,0.0,0.0,0.02546505,0.0,0.0,0.03626526,0.0,0.25872466,</b>,<b>,0.0,0.0,0.07950148,0.0,0.12508918,0.014720412,0.008189693,0.020122956,0.0,0.0,</b>,<b>,0.0,0.0,0.0,</b>
0,<b>,0.0,0.38140196,0.0,</b>,<b>,0.0,0.23055524,0.0,0.0,0.095650725,0.0,0.0,0.09803377,0.0,0.25234312,</b>,<b>,0.0,0.0,0.049855996,0.02619938,0.11114066,0.081955,0.017877337,0.0,0.0,0.0,</b>,<b>,0.0,0.0,0.0,</b>
0,<b>,0.0,0.38191485,0.10904694,</b>,<b>,0.0,0.28543872,0.0,0.0,0.046137847,0.0,0.0,0.05450617,0.0,0.25773713,</b>,<b>,0.0,0.0,0.07107803,0.0,0.1214255,0.03449092,0.011059127,0.004731937,0.0,0.0,</b>,<b>,0.0,0.0,0.0,</b>
0,<b>,0.0,0.38282502,0.0,</b>,<b>,0.0,0.23141547,0.0,0.0,0.096007615,0.0,0.0,0.09839955,0.0,0.25328466,</b>,<b>,0.0,0.0,0.05004202,0.026297137,0.11155534,0.08226079,0.017944053,0.0,0.0,0.0,</b>,<b>,0.0,0.0,0.0,</b>
0,<b>,0.0,0.38294667,0.0,</b>,<b>,0.0,0.231489,0.0,0.0,0.096038125,0.0,0.0,0.09843082,0.0,0.25336513,</b>,<b>,0.0,0.0,0.050057918,0.026305486,0.11159078,0.08228693,0.017949743,0.0,0.0,0.0,</b>,<b>,0.0,0.0,0.0,</b>
0,<b>,0.0,0.38413295,0.0,</b>,<b>,0.0,0.2322061,0.0,0.0,0.09633563,0.0,0.0,0.098735735,0.0,0.25415,</b>,<b>,0.0,0.0,0.050212987,0.026386974,0.11193648,0.08254184,0.018005352,0.0,0.0,0.0,</b>,<b>,0.0,0.0,0.0,</b>
0,<b>,0.0,0.38510883,0.0043402687,</b>,<b>,0.0,0.23496814,0.0,0.0,0.09460454,0.0,0.0,0.09724884,0.0,0.25499687,</b>,<b>,0.0,0.0,0.051182564,0.024954738,0.11262425,0.08085798,0.017778764,0.0,0.0,0.0,</b>,<b>,0.0,0.0,0.0,</b>
0,<b>,0.0,0.3857764,0.0,</b>,<b>,0.0,0.23319955,0.0,0.0,0.096747786,0.0,0.0,0.09915816,0.0,0.25523734,</b>,<b>,0.0,0.0,0.050427813,0.026499866,0.11241537,0.08289497,0.018082378,0.0,0.0,0.0,</b>,<b>,0.0,0.0,0.0,</b>
0,<b>,0.0,0.3867678,0.07418773,</b>,<b>,0.0,0.2709267,0.0,0.0,0.06322388,0.0,0.0,0.06971023,0.0,0.25933212,</b>,<b>,0.0,0.0,0.06494975,0.0009410884,0.119599655,0.050741863,0.013473883,0.0,0.0,0.0,</b>,<b>,0.0,0.0,0.0,</b>
0,<b>,0.0,0.38724917,0.09909234,</b>,<b>,0.0,0.28368142,0.0,0.0,0.05200726,0.0,0.0,0.05986283,0.0,0.26080498,</b>,<b>,0.0,0.0,0.069844134,0.0,0.122054696,0.039980076,0.011933774,0.000865527,0.0,0.0,</b>,<b>,0.0,0.0,0.0,</b>
0,<b>,0.0,0.38740572,0.0,</b>,<b>,0.0,0.23418447,0.0,0.0,0.0971564,0.0,0.0,0.09957695,0.0,0.25631535,</b>,<b>,0.0,0.0,0.050640803,0.0266118,0.11289016,0.08324508,0.018158762,0.0,0.0,0.0,</b>,<b>,0.0,0.0,0.0,</b>
0,<b>,0.0,0.38745096,0.0,</b>,<b>,0.0,0.23421182,0.0,0.0,0.097167745,0.0,0.0,0.09958858,0.0,0.25634527,</b>,<b>,0.0,0.0,0.05064671,0.026614899,0.11290334,0.08325481,0.018160874,0.0,0.0,0.0,</b>,<b>,0.0,0.0,0.0,</b>
0,<b>,0.0,0.38913167,0.013341792,</b>,<b>,0.0,0.24190481,0.0,0.0,0.091515645,0.0,0.0,0.094678886,0.0,0.25807568,</b>,<b>,0.0,0.0,0.0534547,0.022121647,0.11463315,0.077795275,0.017402506,0.0,0.0,0.0,</b>,<b>,0.0,0.0,0.0,</b>
0,<b>,0.0,0.39136675,0.041297898,</b>,<b>,0.0,0.25724676,0.0,0.0,0.0793497,0.0,0.0,0.08406053,0.0,0.2608503,</b>,<b>,0.0,0.0,0.059170313,0.012618224,0.11788284,0.06607904,0.01575314,0.0,0.0,0.0,</b>,<b>,0.0,0.0,0.0,</b>
0,<b>,0.0,0.39240205,0.0,</b>,<b>,0.0,0.23720473,0.0,0.0,0.098409414,0.0,0.0,0.100861184,0.0,0.259621,</b>,<b>,0.0,0.0,0.051293902,0.026954994,0.114346094,0.08431868,0.018392935,0.0,0.0,0.0,</b>,<b>,0.0,0.0,0.0,</b>
0,<b>,0.0,0.3928579,0.10307576,</b>,<b>,0.0,0.28906542,0.0,0.0,0.05160049,0.0,0.0,0.05970963,0.0,0.26470047,</b>,<b>,0.0,0.0,0.07135007,0.0,0.12405931,0.03944742,0.0119467145,0.0017511349,0.0,0.0,</b>,<b>,0.0,0.0,0.0,</b>
0,<b>,0.0,0.39332256,0.0,</b>,<b>,0.0,0.23776117,0.0,0.0,0.09864026,0.0,0.0,0.101097785,0.0,0.26023003,</b>,<b>,0.0,0.0,0.051414233,0.027018229,0.11461432,0.08451647,0.018436087,0.0,0.0,0.0,</b>,<b>,0.0,0.0,0.0,</b>
0,<b>,0.0,0.39362112,0.0,</b>,<b>,0.0,0.23794164,0.0,0.0,0.098715134,0.0,0.0,0.101174526,0.0,0.26042756,</b>,<b>,0.0,0.0,0.051453255,0.02703874,0.11470132,0.08458063,0.018450078,0.0,0.0,0.0,</b>,<b>,0.0,0.0,0.0,</b>
0,<b>,0.0,0.39383733,0.091505975,</b>,<b>,0.0,0.28386727,0.0,0.0,0.057113037,0.0,0.0,0.0645936,0.0,0.26481217,</b>,<b>,0.0,0.0,0.06923357,0.0,0.12326937,0.04470546,0.0127185825,0.0,0.0,0.0,</b>,<b>,0.0,0.0,0.0,</b>
0,<b>,0.0,0.39547083,0.010153443,</b>,<b>,0.0,0.24414115,0.0,0.0,0.09455686,0.0,0.0,0.09758481,0.0,0.262122,</b>,<b>,0.0,0.0,0.0536648,0.023658466,0.11618403,0.08054842,0.017899709,0.0,0.0,0.0,</b>,<b>,0.0,0.0,0.0,</b>
0,<b>,0.0,0.396986,0.0,</b>,<b>,0.0,0.23997569,0.0,0.0,0.09955901,0.0,0.0,0.10203943,0.0,0.26265386,</b>,<b>,0.0,0.0,0.05189311,0.027269894,0.11568186,0.08530368,0.01860782,0.0,0.0,0.0,</b>,<b>,0.0,0.0,0.0,</b>
0,<b>,0.0,0.3970982,0.0,</b>,<b>,0.0,0.24004352,0.0,0.0,0.09958715,0.0,0.0,0.10206827,0.0,0.2627281,</b>,<b>,0.0,0.0,0.051907778,0.02727759,0.11571456,0.08532779,0.01861307,0.0,0.0,0.0,</b>,<b>,0.0,0.0,0.0,</b>
0,<b>,0.0,0.39794683,0.0,</b>,<b>,0.0,0.24055651,0.0,0.0,0.09979997,0.0,0.0,0.10228639,0.0,0.26328954,</b>,<b>,0.0,0.0,0.052018702,0.027335884,0.115961835,0.085510135,0.018652845,0.0,0.0,0.0,</b>,<b>,0.0,0.0,0.0,</b>
0,<b>,0.0,0.39816886,0.11334826,</b>,<b>,0.0,0.2974168,0.0,0.0,0.04825605,0.0,0.0,0.0569619,0.0,0.26869047,</b>,<b>,0.0,0.0,0.07403716,0.0,0.12656172,0.036107007,0.011551102,0.004816959,0.0,0.0,</b>,<b>,0.0,0.0,0.0,</b>
0,<b>,0.0,0.3984184,0.0,</b>,<b>,0.0,0.24084157,0.0,0.0,0.09991823,0.0,0.0,0.1024076,0.0,0.26360154,</b>,<b>,0.0,0.0,0.052080348,0.027368281,0.11609925,0.08561146,0.018674945,0.0,0.0,0.0,</b>,<b>,0.0,0.0,0.0,</b>
0,<b>,0.0,0.39850014,0.0,</b>,<b>,0.0,0.24089098,0.0,0.0,0.099938735,0.0,0.0,0.10242861,0.0,0.26365563,</b>,<b>,0.0,0.0,0.052091036,0.027373899,0.11612308,0.08562903,0.018678777,0.0,0.0,0.0,</b>,<b>,0.0,0.0,0.0,</b>
0,<b>,0.0,0.40015045,0.0,</b>,<b>,0.0,0.24188858,0.0,0.0,0.10035261,0.0,0.0,0.1028528,0.0,0.2647475,</b>,<b>,0.0,0.0,0.052306756,0.027487254,0.11660397,0.08598365,0.018756129,0.0,0.0,0.0,</b>,<b>,0.0,0.0,0.0,</b>
0,<b>,0.0,0.40263212,0.0,</b>,<b>,0.0,0.24338874,0.0,0.0,0.10097498,0.0,0.0,0.10349067,0.0,0.26638943,</b>,<b>,0.0,0.0,0.052631155,0.027657725,0.11732713,0.08651691,0.018872458,0.0,0.0,0.0,</b>,<b>,0.0,0.0,0.0,</b>
0,<b>,0.0,0.4028081,0.0,</b>,<b>,0.0,0.24349512,0.0,0.0,0.101019114,0.0,0.0,0.103535905,0.0,0.26650587,</b>,<b>,0.0,0.0,0.052654162,0.02766982,0.11737842,0.08655471,0.01888071,0.0,0.0,0.0,</b>,<b>,0.0,0.0,0.0,</b>
0,<b>,0.0,0.40473703,0.086096875,</b>,<b>,0.0,0.28774905,0.0,0.0,0.06230893,0.0,0.0,0.06956086,0.0,0.2717729,</b>,<b>,0.0,0.0,0.069608994,0.0,0.1259428,0.04940742,0.013568872,0.0,0.0,0.0,</b>,<b>,0.0,0.0,0.0,</b>
0,<b>,0.0,0.40517077,0.0,</b>,<b>,0.0,0.24492334,0.0,0.0,0.101611644,0.0,0.0,0.104143195,0.0,0.26806906,</b>,<b>,0.0,0.0,0.052963007,0.027832117,0.1180669,0.0870624,0.01899146,0.0,0.0,0.0,</b>,<b>,0.0,0.0,0.0,</b>
0,<b>,0.0,0.40531492,0.071538836,</b>,<b>,0.0,0.28081268,0.0,0.0,0.06908112,0.0,0.0,0.07553804,0.0,0.27148047,</b>,<b>,0.0,0.0,0.0668603,0.0031301412,0.12475809,0.055882875,0.014509442,0.0,0.0,0.0,</b>,<b>,0.0,0.0,0.0,</b>
0,<b>,0.0,0.40581396,0.04652772,</b>,<b>,0.0,0.26859733,0.0,0.0,0.0805921,0.0,0.0,0.08568009,0.0,0.2706513,</b>,<b>,0.0,0.0,0.06207341,0.011804089,0.12257885,0.06690181,0.016102172,0.0,0.0,0.0,</b>,<b>,0.0,0.0,0.0,</b>
0,<b>,0.0,0.40890202,0.0,</b>,<b>,0.0,0.24717885,0.0,0.0,0.10254739,0.0,0.0,0.105102256,0.0,0.2705377,</b>,<b>,0.0,0.0,0.05345074,0.02808842,0.11915418,0.08786417,0.019166335,0.0,0.0,0.0,</b>,<b>,0.0,0.0,0.0,</b>
0,<b>,0.0,0.41054675,0.100291125,</b>,<b>,0.0,0.2983646,0.0,0.0,0.057304278,0.0,0.0,0.06537118,0.0,0.27627468,</b>,<b>,0.0,0.0,0.0731221,0.0,0.12895502,0.04446323,0.012950564,0.0,0.0,0.0,</b>,<b>,0.0,0.0,0.0,</b>
0,<b>,0.0,0.41164285,0.0,</b>,<b>,0.0,0.24883567,0.0,0.0,0.10323476,0.0,0.0,0.10580675,0.0,0.27235112,</b>,<b>,0.0,0.0,0.05380902,0.028276706,0.11995286,0.088453114,0.019294823,0.0,0.0,0.0,</b>,<b>,0.0,0.0,0.0,</b>
0,<b>,0.0,0.41369304,0.0,</b>,<b>,0.0,0.250075,0.0,0.0,0.10374892,0.0,0.0,0.10633372,0.0,0.27370754,</b>,<b>,0.0,0.0,0.05407701,0.028417516,0.12055029,0.08889365,0.019390909,0.0,0.0,0.0,</b>,<b>,0.0,0.0,0.0,</b>
0,<b>,0.0,0.41433728,0.0,</b>,<b>,0.0,0.25046444,0.0,0.0,0.10391048,0.0,0.0,0.106499314,0.0,0.2741338,</b>,<b>,0.0,0.0,0.054161232,0.028461779,0.12073802,0.089032084,0.019421116,0.0,0.0,0.0,</b>,<b>,0.0,0.0,0.0,</b>
0,<b>,0.0,0.4146258,0.0735832,</b>,<b>,0.0,0.28746417,0.0,0.0,0.07048552,0.0,0.0,0.07711276,0.0,0.27773547,</b>,<b>,0.0,0.0,0.068473995,0.003063528,0.12766129,0.056991685,0.014817582,0.0,0.0,0.0,</b>,<b>,0.0,0.0,0.0,</b>
0,<b>,0.0,0.41685036,0.0406965,</b>,<b>,0.0,0.2723505,0.0,0.0,0.08601444,0.0,0.0,0.09085149,0.0,0.2776829,</b>,<b>,0.0,0.0,0.062384807,0.014576497,0.12525287,0.071817294,0.016985362,0.0,0.0,0.0,</b>,<b>,0.0,0.0,0.0,</b>
0,<b>,0.0,0.4235816,0.0,</b>,<b>,0.0,0.25605258,0.0,0.0,0.10622884,0.0,0.0,0.10887543,0.0,0.28025,</b>,<b>,0.0,0.0,0.055369623,0.029096795,0.12343182,0.09101849,0.019854417,0.0,0.0,0.0,</b>,<b>,0.0,0.0,0.0,</b>
0,<b>,0.0,0.42670104,0.031856373,</b>,<b>,0.0,0.27388105,0.0,0.0,0.092509165,0.0,0.0,0.09692281,0.0,0.28379056,</b>,<b>,0.0,0.0,0.0619575,0.018306838,0.12730172,0.0777907,0.018001784,0.0,0.0,0.0,</b>,<b>,0.0,0.0,0.0,</b>
0,<b>,0.0,0.432917,0.0,</b>,<b>,0.0,0.26169577,0.0,0.0,0.10857004,0.0,0.0,0.11127496,0.0,0.2864265,</b>,<b>,0.0,0.0,0.05658993,0.029738072,0.12615216,0.09302447,0.020291997,0.0,0.0,0.0,</b>,<b>,0.0,0.0,0.0,</b>
0,<b>,0.0066505633,0.17714188,0.2658001,</b>,<b>,0.07939565,0.24304178,0.0,0.0,0.0,0.0,0.0,0.0,0.0,0.1250945,</b>,<b>,0.0,0.0,0.08452036,0.0,0.057246555,0.0,0.0,0.0,0.0,0.033157766,</b>,<b>,0.0,0.0,0.0,</b>
0,<b>,0.012832036,0.18900885,0.28744906,</b>,<b>,0.0895447,0.2637811,0.0,0.0,0.0,0.0,0.0,0.0,0.0,0.12983496,</b>,<b>,0.0,0.0,0.09132636,0.0,0.060160324,0.0,0.0,0.0,0.0,0.038037404,</b>,<b>,0.0,0.0,0.0,</b>
0,<b>,0.02097625,0.17876701,0.2777948,</b>,<b>,0.09213624,0.2563571,0.0,0.0,0.0,0.0,0.0,0.0,0.0,0.11719038,</b>,<b>,0.0,0.0,0.08814042,0.0,0.055480696,0.0,0.0,0.0,0.0,0.040073004,</b>,<b>,0.0,0.0,0.0,</b>
0,<b>,0.027092818,0.1858089,0.29228163,</b>,<b>,0.100220546,0.27056667,0.0,0.0,0.0,0.0,0.0,0.0,0.0,0.11844968,</b>,<b>,0.0,0.0,0.09266738,0.0,0.05681649,0.0,0.0,0.0,0.0,0.04410336,</b>,<b>,0.0,0.0,0.0,</b>
0,<b>,0.030738533,0.19134377,0.3028898,</b>,<b>,0.10559635,0.28083232,0.0,0.0,0.0,0.0,0.0,0.0,0.0,0.120176755,</b>,<b>,0.0,0.0,0.09599385,0.0,0.058053013,0.0,0.0,0.0,0.0,0.046732698,</b>,<b>,0.0,0.0,0.0,</b>
0,<b>,0.037273005,0.16907683,0.27441606,</b>,<b>,0.101822846,0.25600958,0.0,0.0,0.0,0.0,0.0,0.0,0.0,0.09977525,</b>,<b>,0.0,0.0,0.08683935,0.0,0.049673297,0.0,0.0,0.0,0.0,0.04598062,</b>,<b>,0.0,0.0,0.0,</b>
0,<b>,0.051580038,0.18102264,0.30162477,</b>,<b>,0.11884719,0.28316942,0.0,0.0,0.0,0.0,0.0,0.0,0.0,0.09941711,</b>,<b>,0.0,0.0,0.09530275,0.0,0.05130798,0.0,0.0,0.0,0.0,0.054639485,</b>,<b>,0.0,0.0,0.0,</b>
0,<b>,0.10008617,0.16532728,0.31096408,</b>,<b>,0.15315542,0.29978898,0.0,0.0,0.0,0.0,0.0,0.0,0.0,0.05717941,</b>,<b>,0.0,0.0,0.09760452,0.0,0.03835055,0.0,0.0,0.0,0.0,0.074455164,</b>,<b>,0.0,0.0,0.0,</b>
