0,<b>,0.0,0.7590808,0.0,0.8483183,0.6118679,1.6345241,0.0,0.0,0.0,0.0,0.0,0.90016985,0.0,1.0109797,0.55232877,0.0,0.6775511,0.96450573,0.83319557,0.0,0.38685825,0.0,0.0,0.71035016,0.82376796,0.0,0.0,0.58413875,0.7638249,0.0,0.0,0.0,1.013144,0.0,0.6581108,0.84413457,0.0,0.0,0.66997135,0.84506047,0.04333507,0.0,0.0,0.9250036,0.80871665,0.0155310165,0.0,0.0,0.0,1.1567409,0.0,0.38859123,0.0,0.2542557,0.9337477,0.6914993,0.0,0.82084036,0.72739476,0.0,1.1495348,0.0,0.0,0.31068492,0.51605487,1.357692,0.0,0.0,0.0,0.02777505,0.9627975,0.09463539,0.5687461,0.0,0.0,0.0,0.39996314,1.2662673,0.0,0.0,0.0,0.0,0.0,0.0,0.0,0.3808206,0.38859367,0.0,0.5859272,0.0,0.018721264,0.0,0.0,0.0,0.21383606,0.69510406,0.0,0.0,0.0,0.0,0.0,0.0,1.0179236,0.0,0.0,0.0,0.034573536,0.0,0.0,0.0,0.0,0.0,0.0,0.64524484,0.0,0.0,1.2481492,0.0,0.36276478,0.39020422,0.0,0.0,0.0,1.1597333,0.033128753,1.3368179,0.0,0.0,0.0,0.64651436,0.14929941,0.83172524,0.06336014,0.0,0.0,0.0,0.0,0.0,0.0,0.0,0.9360631,0.0,0.0,0.0,1.7167885,0.68045205,0.97343206,0.0,0.0,0.0,1.3827252,0.0,0.0,0.0,0.0,0.0,0.0,0.0,0.037523236,0.005365175,0.0,0.0,0.0,0.0,0.8335866,0.0,0.39398515,0.0,0.0,0.0,0.0,0.0,0.0,1.1401883,0.0,0.0,0.7775037,0.0,0.22090444,0.33277795,1.3855402,0.0,0.0,1.0746716,0.0,0.0,0.0,0.0,0.0,0.5774289,0.7633466,0.4638884,1.0273346,1.0081986,0.0,0.74925673,0.9170896,0.0,0.0,0.0,0.0,0.0,0.0,1.0537541,0.0,0.7277627,0.17676929,0.0,0.0,1.2298951,0.34808442,0.0,0.0,0.0,0.6892599,0.0,0.0,0.038922407,0.0,0.0,0.0,0.88843393,0.8288977,0.88210946,0.0,0.0,0.0,0.0,0.0,1.2925115,0.0,1.0189619,0.0,0.0,0.0,0.43124482,0.0,0.0,0.0,0.0,0.401677,1.2857918,0.0,0.0,0.0,0.0,1.4222735,0.0,0.0,0.0,1.2424737,0.0,0.0,1.1091737,0.0,0.0,0.0,0.0,0.0,0.09884309,0.5730139,0.0,0.0,0.0,0.0,0.0,0.0,0.1445406,0.0,0.0,1.3524623,0.0,0.0,1.0155578,0.0,0.0,0.7066769,1.0566887,0.725205,0.0,0.58089924,0.0,0.0,0.0,1.1198683,0.0,0.0,0.0,0.0,0.5621777,0.0,0.0,0.0,0.8667236,0.5430755,0.5944882,0.0,0.0,0.0,1.1628021,0.0,0.0,0.0,0.0,0.0,0.2957686,0.58301896,0.0,0.0,0.0,0.0,0.43249246,0.8995308,1.5326017,0.0,0.90665555,0.0,1.0568814,0.0,0.032343715,0.0,0.5328941,0.0,0.24529341,0.0,0.0,0.9932849,1.0561402,0.6892628,0.92653704,0.0,1.5755752,0.8511825,0.0,0.9535898,0.78484255,0.0,0.0,0.0,0.0,0.0,0.0,0.0,0.0,0.0,0.0,0.0,0.0,0.0,0.0,0.8424157,0.4419721,0.0,0.0,0.24607879,0.0,0.0,0.0,0.0,1.3891292,1.2148619,0.0,1.0509747,0.0,0.0,0.74772817,0.0,0.0,0.0,0.0,0.0,0.58601,0.7268599,0.34191543,1.0164078,0.0,0.749892,0.57397896,0.0,0.0,0.6833336,1.1598419,0.0,0.0,0.67979956,0.0,0.0,0.9085986,0.0,0.0,0.0,0.86078584,0.0,0.054556776,0.0,0.6531237,0.0,0.0,0.0,0.0,0.0,1.1509666,0.0,0.6437757,1.4225477,1.524677,0.2719849,0.0,0.0,0.0,0.57197946,0.0,0.021396372,0.0,0.0,0.5859852,0.9547755,0.37280723,0.0,0.0,0.0,0.6788804,0.4425466,0.0,0.752716,0.0,0.0046807732,0.0,0.0,0.0,0.0,0.0,0.3239687,0.0,1.1493217,0.15387154,0.3832252,0.69223434,0.72339666,0.0,0.0,0.0,0.274775,0.0,0.63085765,0.39205363,0.0,0.0,0.093927324,0.39346987,1.6559416,0.0,0.0,1.0637467,0.0,1.0850363,0.15343213,0.0,1.3789914,0.0,0.0,0.0,0.0,0.0,1.1999553,0.0,0.80401945,1.0597571,0.0,0.0,1.435833,0.0,0.0,1.2446036,0.0,0.0,0.099196196,0.0,0.0,1.2001728,0.9979448,0.538921,0.22000471,0.57578653,0.8554605,0.0,0.0,0.0,0.816858,0.0,0.054934055,0.0,0.934877,0.24596623,0.7753536,0.0,0.0,0.0,1.0401706,0.0,0.0,0.0,0.91800165,0.85640395,1.1091101,0.0,0.9149258,0.0,0.0,0.8853797,0.9236079,0.7701545,</b>
0,<b>,0.0,1.1195251,0.051957577,1.4434699,0.0,1.1606526,0.0,0.0,0.034324847,0.0,0.0,0.7271265,0.0,1.1769184,0.9187036,0.0,0.5097379,1.3689399,0.9450837,0.11472276,0.0,0.0,0.0,0.74571,0.9887406,0.0,0.0,1.1404471,1.0113957,0.7867493,0.0,0.0,1.3329455,0.0,1.2812588,0.0,0.0,0.0,0.0,0.5201886,0.16838503,0.0,0.0,0.45818353,1.2547255,0.0,0.0,0.0,0.0,0.6692716,0.0,0.3404318,0.0,0.0,0.82695466,0.96653646,0.0,0.64281553,1.3099706,0.0,1.1051159,0.0,0.0,1.1810778,0.0,1.5285275,0.0,0.0037076678,0.0,0.0,0.8007943,0.0,0.11936232,0.18791631,0.0,0.0,0.646307,1.0419486,0.08533155,0.0,0.0,0.03357568,0.0,0.0,0.026863376,1.070969,0.5578777,0.0,0.8311744,0.0,0.33238488,0.0,0.0,0.0,0.587007,1.255382,0.0,0.0,0.0,0.0,0.091590844,0.0,0.9583852,0.0,0.0,0.0,0.25532758,0.93267393,0.0,0.0,0.0,0.0,0.008423558,0.025559325,0.0,0.0,1.3121017,0.0,0.9013342,0.96014684,0.0,0.12021345,0.0,0.73003334,0.0,0.55272776,0.045290545,0.0,0.3936513,0.5888376,0.0,1.2449021,0.80882925,0.0,0.0,0.0,0.0,0.0,0.0,0.09494444,0.8741137,0.0,0.0,0.0,1.0544052,0.0,0.34856743,0.0,0.0,0.0,1.2981949,0.0,0.15615539,0.0,0.026637696,0.0,0.0,0.0,0.0,0.0,1.1784054,0.0,0.0,0.2661941,1.0079507,0.0,0.61063194,0.0,0.0,0.0,0.0,0.056784034,0.027281385,0.0,0.0,0.0,0.0,0.0,1.2728549,0.33384326,0.9524447,0.0,0.0,1.1276737,0.0,0.0,0.0,0.0,0.0,0.011138241,1.0031554,0.0,0.54877824,1.0949765,0.0,1.0266937,1.4247034,0.60350496,0.0,0.0,0.0,0.0,0.0,0.9096614,0.0,0.4702212,0.25500938,0.0,0.0,1.2456872,0.0,0.17697574,0.0,0.0,0.54220235,0.0,0.0,0.34043732,0.0,0.0,0.0,1.06551,1.0681409,0.74760383,0.0,0.0,0.0,0.0,0.0,1.1699498,0.11067037,0.40894252,0.0,0.0,0.0,1.0656612,0.0,0.16100308,0.0,0.0,1.1546334,0.6983186,0.0,0.0,0.0,0.0,1.1627263,0.0,0.0,0.0,1.5171074,0.0,0.24419895,0.9156601,0.0,0.0,0.0,0.0,0.0,0.0,0.15052673,0.0,0.0,0.0,0.0,0.0,0.0,0.040720135,0.0,0.0,1.1814985,0.0,0.0,1.1336297,0.0,0.3391343,0.6823844,1.315087,0.0,0.0,1.0658323,0.0,0.0,0.0,1.2718897,0.0,0.0,0.0,0.0,1.0712025,0.0,0.017120024,0.0,0.77025396,0.0,0.59963465,0.0,0.0,0.0,0.27825996,0.0,0.0,0.0,0.0,0.48644146,0.0,1.4539524,0.0,0.0,0.0,0.0,0.79284406,1.2695439,1.413146,0.0,0.5985424,0.0,1.1099622,0.2952989,0.0,0.16268593,0.0,0.023773585,0.007451646,0.0,0.0,1.1963214,1.4259052,0.82092136,0.9083701,0.0,0.65163106,0.6970458,0.0,0.97843134,0.0,0.0,0.0,0.0,0.34462035,0.0,0.0,0.0,0.0,0.0,0.5836253,0.035630025,0.0,0.0,0.05013361,0.62896633,1.0379162,0.0,0.0,0.82860357,0.0,0.23592679,0.40851334,0.6610184,1.0331641,0.0,0.0,0.6149054,0.0,0.0,0.9665348,0.0,0.0,0.0,0.57192373,1.2691851,0.8777714,1.0339625,0.0,0.93044823,0.0,0.0,0.5682383,0.0,0.0,0.6857214,1.6938136,0.03494687,0.3762353,0.46552378,0.0,0.0,1.9478829,0.0,0.0,0.12719695,0.81678027,0.053033326,0.0,0.18080363,0.0,0.0,0.0,0.0,0.0,0.0,1.0835361,0.0,0.65542406,0.611421,1.0415517,0.0,0.0,0.0,0.0,0.37749752,0.24742568,0.0,0.0,0.0,1.1816247,1.2383814,0.15198088,0.090946585,0.0,0.2622707,1.3532311,1.2275332,0.12348626,0.13733958,0.0,0.0,0.4233872,0.0,0.0,0.16102774,0.0,0.30418688,0.042809796,0.79181445,0.0,0.14640817,0.59835714,1.1736614,0.32579806,0.0,0.0,0.0,0.0,0.7385393,0.8341325,0.42849877,0.0,0.9988607,1.1503025,1.0590638,0.0,0.25240463,0.68616927,0.0,1.551246,0.0,0.0,1.834658,0.0,0.0,0.0,0.0,0.24288462,1.0470062,0.0,1.0771396,1.2383708,0.0,0.0,1.3544081,0.2707877,0.062745325,1.6367015,0.0,0.0,0.0,0.0,0.0,1.2140002,0.8490414,1.2905595,1.2868906,0.2434707,0.9476674,0.34427753,0.0,0.39653498,1.155992,0.0,0.9550463,0.0,0.7850614,0.0,0.27624375,0.0913911,0.0,0.0,0.6835914,0.29715925,0.0,0.0,0.6876818,1.2839247,0.73394537,0.0,0.66956764,0.0,0.0,0.4011005,0.8392744,0.0,</b>
0,<b>,0.0,1.2228163,0.0,1.3544189,0.20488347,1.7758805,0.0,0.0,0.0,0.0,0.0,1.3381631,0.0,0.9966529,0.79971373,0.0,0.74254656,0.98022664,0.89314467,0.0,0.0,0.0,0.069389254,0.6644335,1.9688798,0.22878067,0.0,0.64320207,1.9319184,0.22841206,0.0,0.0,1.4263399,0.0,0.40737617,0.7593017,0.0,0.0,0.0,0.30980214,0.25496677,0.0,0.0,0.84717906,1.9551526,0.0,0.0,0.0,0.0,0.58468175,0.0,0.097088635,0.0,0.0,0.95423675,1.0539528,0.0,0.5734589,1.6199398,0.0,1.4034749,0.0,0.0,1.0204266,0.5190432,1.8571308,0.0,0.0,0.0,0.050896734,0.51767266,0.0,1.0436543,0.1584792,0.12500726,0.0,0.42798367,1.4335895,0.1295555,0.0,0.006292804,0.030284818,0.0,0.0,0.0,1.356184,0.21918105,0.0,1.1201825,0.0,1.2664055,0.0,0.020008607,0.0,1.2787993,1.0551448,0.0,0.0,0.0,0.28487372,0.0,0.0,1.0851595,0.0,0.0,0.44084936,0.0,0.18487777,0.0,0.059401184,0.0,0.0,0.0,0.37605494,0.0,0.0,1.0997331,0.0,0.7426024,1.0286126,0.0,0.08901188,0.0,1.539123,0.0,1.5463051,0.0,0.0,0.0,0.37168646,0.14184341,1.4467598,1.5290557,0.0,0.0,0.0,0.0,0.0,0.0,0.0,0.5884389,0.0,0.0,0.0,1.3796058,0.0,0.50863606,0.0,0.041880824,0.0,1.350903,0.0,0.061468408,0.0,0.0,0.11668063,0.0,0.0,0.0,0.08644119,0.31353915,0.0,0.07877929,0.19530463,1.4442537,0.0,0.8925689,0.0,0.33384967,0.0,0.0,0.0,0.0,0.0,0.15398456,0.0,0.37293512,0.0,1.2533711,0.34175012,1.5259775,0.0,0.0,1.7719369,0.0,0.0,0.0,0.0,0.0470887,0.42126492,0.36208734,0.7147809,1.196109,1.8533076,0.0,0.8521472,1.4990133,0.81381947,0.0,0.0,0.0,0.0,0.0,0.75161904,0.0,0.95271087,0.79598397,0.0,0.0,1.2149627,0.050618526,0.14560516,0.0,0.0,0.24193852,0.0,0.0,0.43348023,0.0,0.0,0.0,1.0034168,1.2686602,0.63589483,0.0,0.0,0.0,0.0,0.0,1.3279445,0.21669878,0.8418684,0.0,0.0,0.0,1.598738,0.09718078,0.0,0.0,0.0,0.9474846,1.0979127,0.0,0.0,0.0,0.0,1.3013701,0.0,0.0,0.4256211,1.3858694,0.0,0.0,1.5806636,0.0,0.020490134,0.0,0.0,0.0,0.0,0.0,0.19076256,0.0,0.0,0.0,0.0,0.0,0.0,0.0,0.0,1.3402908,0.0,0.0,1.1896073,0.0,0.0,1.2163591,0.90212876,0.60029227,0.0,0.8991581,0.0,0.0,0.0,1.4303426,0.15464227,0.0,0.0,0.0,1.1577629,0.0,0.0,0.0,0.5304639,0.8442385,0.6339636,0.0,0.0,0.0,0.41335854,0.0,0.0,0.09273684,0.0,0.5397699,0.6130143,0.63402927,0.0,0.0,0.0,0.0,0.86703974,1.1770726,2.0206811,0.0,0.8019324,0.0,1.0788614,0.0,0.28480166,0.0,0.0,0.0,0.0,0.0,0.0,1.2852637,0.9885407,0.7875791,0.94971293,0.20443924,1.1072124,0.84369177,0.0,1.7585773,0.7673829,0.0,0.0,0.0,0.42890543,0.0,0.0,0.0,0.0,0.0,0.5578152,0.13799126,0.13679859,0.0,0.0,1.4101998,0.6772285,0.0,0.0,0.7205448,0.0,0.13333572,0.0,0.5173106,1.4188303,0.0,0.0,1.2691339,0.0,0.063763194,0.66168034,0.0,0.0,0.10764443,0.18558855,0.6387161,0.98152244,1.4570463,0.2501582,1.3561873,0.0,0.0,1.169847,0.31432253,0.0,0.5615763,1.2772293,0.0,0.7962245,0.29655218,0.05398902,0.0,1.5218427,0.0,0.0,0.0,0.808343,0.0,0.0,0.18844324,0.5141128,0.0,0.0,0.0,0.0,0.0,1.335307,0.0,0.8595096,1.2375938,1.7191072,0.0,0.33705637,0.0,0.0,0.67016464,0.0,0.0,0.0,0.29433942,1.1118842,1.8841639,0.25613695,0.38356614,0.2100315,0.4922226,1.4558679,0.8847327,0.19909078,0.12709756,0.0,0.0,0.13816139,0.0,0.0,0.0,0.0,0.84657335,0.0,1.7985245,0.0,0.75412315,1.3185087,0.75478846,0.044272706,0.0,0.0,0.0,0.0,0.5543767,0.7318877,0.08378763,0.0,0.9411922,1.1893209,1.7993034,0.0,0.0,0.79583794,0.0,1.5642035,0.0,0.0,1.8662994,0.0,0.0,0.0,0.0,0.18067569,1.6238059,0.0,1.4060379,1.4626123,0.0,0.0,0.93725544,0.0,0.0,0.9922114,0.0,0.0,0.0,0.0,0.0,1.4006505,1.1628659,1.3676647,0.9521063,0.6959476,1.056242,0.22671947,0.0,0.08313432,1.6424127,0.0,0.6240831,0.0,1.1721985,0.0,0.7959976,0.103194594,0.15842323,0.0,0.56856894,0.0,0.0,0.0,1.1215545,0.5627188,1.4641341,0.0,0.7095381,0.0,0.0,1.637396,0.46370026,0.0,</b>
0,<b>,0.0,1.2668029,0.19774744,1.3122478,0.23435545,1.5772283,0.0,0.0,0.0,0.0,0.0,0.87256265,0.0,1.3189297,0.7757029,0.069419384,0.5356932,1.4601728,1.1205603,0.17900945,0.0,0.0,0.6878048,0.7120826,0.8385881,0.095149554,0.0,1.1589845,0.6130374,0.9601786,0.11522108,0.0,1.5368463,0.0,1.2415196,0.26005176,0.02128676,0.0,0.0,0.5977966,0.04647616,0.0,0.0,0.6999207,1.1351763,0.0,0.03192726,0.0,0.0,1.1547883,0.0,0.27875626,0.0,0.0,0.6403884,1.270177,0.0,0.077210605,1.255266,0.0,1.60366,0.0,0.0,0.79511064,0.0,1.6564312,0.0,0.0,0.0,0.0,0.8775531,0.0,0.31426212,0.11664963,0.0,0.0,0.9723423,0.75051755,0.09715028,0.0,0.0,0.015790012,0.0,0.0,0.08367039,1.3492181,0.749712,0.0,0.9623602,0.0,0.7270698,0.034995515,0.16359615,0.0,0.49815053,0.93905216,0.0,0.0,0.055902153,0.0,0.0,0.0,0.5641428,0.018987846,0.0,0.0,0.08729403,0.62088645,0.06718981,0.2727951,0.0,0.0,0.25565374,0.38350013,0.0,0.0,1.1042069,0.12917414,1.1638472,1.2511448,0.0,0.0109501,0.0,0.8481677,0.0,0.9286845,0.16586067,0.0,0.59665525,0.3981321,0.041019805,1.0611751,0.96312255,0.13190702,0.0,0.0,0.0,0.0,0.0,0.37911284,1.0088456,0.0,0.0,0.0,1.2228497,0.0,0.7115626,0.0,0.0,0.0,1.2955704,0.057843834,0.29466033,0.0,0.0,0.017835913,0.0,0.0,0.0,0.0095496,1.3364838,0.0,0.14411375,0.31143507,1.123946,0.0,1.0137411,0.0,0.041617002,0.0,0.0,0.48440138,0.15525211,0.0,0.18901183,0.039935607,0.0,0.0,1.3537278,0.32055598,1.0643905,0.0,0.0,1.2962914,0.24443449,0.0,0.0,0.061144203,0.0,0.0,0.96332645,0.0,0.54405737,1.2786372,0.26044315,1.0108304,1.4480034,0.78701067,0.0,0.0,0.0,0.0,0.0,0.71078724,0.0,0.6494738,0.17939186,0.0,0.0,1.1732903,0.0,0.017000878,0.0,0.0,0.61859983,0.0,0.23548928,0.32151344,0.0,0.0,0.0,1.0781258,1.1273853,1.0669352,0.004948411,0.0,0.0,0.0,0.0,1.1919299,0.22855975,1.1118045,0.0,0.0,0.0,1.0471951,0.0,0.52694094,0.0,0.0,1.0382586,0.9252028,0.0,0.0,0.31611246,0.0,0.6368484,0.021722589,0.0,0.0,1.5792552,0.0,0.4490642,1.0196644,0.0,0.09141226,0.0,0.0,0.0,0.0,0.0,0.0,0.0,0.0,0.0,0.017949289,0.0,0.031262353,0.32464212,0.16722116,1.0104219,0.0,0.40657517,1.3096896,0.0,0.23248792,0.4817126,1.0482907,0.0,0.0,1.3375031,0.0,0.0,0.0,0.8117635,0.052695263,0.0,0.0,0.0,1.0981101,0.0,0.1712143,0.0,0.6925476,0.19705361,0.8777856,0.0,0.0,0.0,0.31291953,0.0,0.0,0.0,0.0,0.03423885,0.0,1.3753152,0.0,0.0,0.0,0.0,0.8520878,1.5383685,1.1522278,0.0,0.5110143,0.0,1.2128992,0.18111709,0.0,0.30391625,0.0,0.48325208,0.15741867,0.0,0.0,1.0098698,1.3700383,0.7996631,0.79593885,0.09944503,0.46641964,1.0866781,0.0,0.7115984,0.0,0.0,0.0,0.0,0.5948982,0.0,0.0,0.18239391,0.1427271,0.0,0.53910303,0.3796853,0.010984598,0.0,0.22144824,0.8587276,1.045212,0.0,0.0,0.7505159,0.0,0.57869005,0.0,0.7157944,1.088237,0.0,0.0,0.86440563,0.0,0.0,1.0934927,0.0,0.0,0.0,0.5823598,1.0359174,1.1575161,1.1750286,0.047980133,0.9603686,0.0,0.0,1.0604566,0.14315318,0.0,1.1134835,1.4993817,0.08814622,0.0,0.19392559,0.0,0.16214226,1.603092,0.0,0.0,0.0,0.7692332,0.08968556,0.21112898,0.43877107,0.0,0.0,0.0,0.0,0.0,0.0,0.7183954,0.0,0.7494345,0.7492047,1.3278103,0.0,0.0,0.0052579334,0.0,0.45119444,0.5797094,0.0,0.0,0.0,1.1376216,1.2123052,0.2184456,0.0,0.0,0.4125125,1.5801055,1.1142416,0.0,0.47992405,0.1847006,0.2028718,0.4075115,0.0,0.0,0.0,0.0,0.11277145,0.0,1.2519131,0.0,0.12253284,0.7745886,1.0535492,0.37256184,0.0,0.0,0.0,0.0,0.6536468,0.9841576,0.30890024,0.0,1.161667,0.99365985,1.5435854,0.0,0.1684784,0.72413266,0.31183064,1.7155613,0.0,0.0,1.8167152,0.019282445,0.0,0.0,0.0,0.47181854,0.98719233,0.0,0.8581913,1.3405365,0.0,0.0,0.9806314,0.0056528747,0.046436004,1.1980186,0.3791678,0.0,0.0,0.0,0.0,1.7026093,1.3728433,1.2768927,1.4595902,0.6315251,0.93987423,0.21364728,0.0,0.21203877,1.3965791,0.0,0.9515656,0.0,1.0925858,0.0,0.5794771,0.07516755,0.0,0.0,0.7257988,0.4180733,0.0,0.0,0.64738303,1.2590828,1.1794937,0.0,0.53276783,0.0,0.0,0.72666675,1.0719916,0.0,</b>
0,<b>,0.0,1.3038323,0.0,1.2371445,0.18890926,1.0519217,0.10455548,0.13415118,0.0,0.0,0.0,1.1923039,0.0,1.2655514,1.1293001,0.009083402,0.30282977,1.3813094,0.7191299,0.0,0.0,0.0,0.18543625,1.0484068,1.0651164,0.0,0.4504764,1.2804892,1.2257586,1.0863628,0.16196436,0.0,1.9886796,0.0,1.0794178,0.73109126,0.15152584,0.0,0.0,0.18157132,0.0,0.0,0.0,0.10261321,1.2699355,0.0,0.047897745,0.0,0.0,0.94976807,0.0,0.43038338,0.0,0.0,0.70806694,1.5137768,0.0,0.93953985,1.5750706,0.0,1.2505243,0.0,0.0,1.2625848,0.0,1.3390948,0.0,0.0,0.0,0.15236762,0.68391854,0.36357293,0.50455236,0.038131118,0.14775626,0.0,0.8156158,0.8916356,0.0,0.0,0.0,0.38118047,0.0,0.0,0.0,1.5263628,0.6125187,0.0,0.4557895,0.08648937,1.3571368,0.05255269,0.42601565,0.0,0.7167276,1.0258766,0.0,0.0,0.0,0.0,0.0,0.0,1.2745517,0.0,0.0,0.15548834,0.0,0.7930931,0.0,0.0,0.0,0.0,0.0,0.0,0.0,0.0,0.8146798,0.0,1.5620222,0.9244831,0.0,0.0,0.0,1.0508008,0.0,1.2467128,0.4105265,0.0,0.3035504,0.95033157,0.0,1.1404216,1.026075,0.0,0.0,0.0,0.38458088,0.0,0.0,0.0,1.1790148,0.0,0.0,0.0,0.89414597,0.0,0.8648381,0.0,0.0,0.08081789,1.6241031,0.0,0.0,0.0,0.0,0.0,0.0,0.0,0.0,0.24471486,1.2835245,0.0,0.26180735,0.16922036,0.60909975,0.0,0.61826116,0.0,0.057029836,0.0,0.0,0.06526446,0.0,0.0,0.21980247,0.0,0.27870318,0.0,1.0005163,0.0931242,1.2718177,0.0,0.39468524,0.86355406,0.07727669,0.0,0.0,0.0,0.0,0.0,0.6243821,0.19575576,0.77663577,1.083531,0.0,1.0875382,1.4436052,0.84164524,0.0,0.0,0.0,0.0,0.0,0.77196765,0.0,1.203396,0.8179761,0.0,0.0,1.146024,0.0,0.11955739,0.0,0.0,0.865474,0.0,0.0,0.17920993,0.0,0.0,0.0,1.2313881,0.98206776,0.9832781,0.0,0.0,0.0,0.0,0.0,1.2445935,0.24940917,0.9978953,0.0,0.0,0.0,1.3428725,0.10256706,0.22873081,0.03667045,0.0,1.0513821,1.240611,0.0,0.0,0.23197502,0.0,0.921399,0.0,0.06705543,0.0211168,1.3505996,0.0,0.5525366,1.2992502,0.0,0.0,0.0,0.0,0.0,0.0,0.38502637,0.48893085,0.0,0.0,0.0,0.0,0.0,0.0,0.0,0.0,1.020988,0.0,0.0,1.1235677,0.0,0.2414912,0.7899548,0.41420147,0.0,0.0,1.0811733,0.07674574,0.0,0.0,1.3398361,0.0,0.0,0.0,0.0,1.1245241,0.0,0.0,0.0,1.0346929,0.0,0.37723902,0.0,0.0,0.0,0.0,0.0,0.0,0.0,0.0,0.2862344,0.032777175,1.0727856,0.0,0.0,0.23639524,0.0,0.87908566,1.3244772,1.9283407,0.0,0.51125664,0.0,1.3735379,0.001714889,0.0,0.21587285,0.0,0.0,0.16022858,0.0,0.0,1.3146082,1.2242932,1.2447681,1.3255424,0.17518991,0.8079891,0.7172392,0.0,1.0922201,0.37619966,0.0,0.0,0.0,0.091119066,0.0,0.0,0.14535925,0.20895816,0.0,0.22547849,0.07956781,0.0,0.0,0.34108353,1.177421,1.2511158,0.0,0.0,0.5276327,0.0,0.0,0.14181657,0.59064865,1.1921122,0.0,0.0,0.5546975,0.0,0.0,1.3567362,0.0,0.0,0.0,0.0,0.63897777,1.1600106,1.0633577,0.0,0.76581365,0.0,0.14804108,0.9880555,0.61305976,0.0,0.85190076,1.4780973,0.0,0.0,0.0,0.14788494,0.121621564,1.8719395,0.0,0.3085041,0.24857543,0.9318409,0.20856407,0.0,0.18044227,0.22423598,0.0,0.0,0.0,0.005182417,0.0,0.9916787,0.0,1.0696955,1.6831539,0.8047004,0.0,0.00824097,0.0,0.0,0.52877104,0.4108203,0.0,0.0,0.0,1.3325965,1.2920305,0.0,0.05490248,0.0,0.24909368,1.33633,1.395864,0.057746388,0.009206029,0.0,0.0,0.5903484,0.0,0.0,0.2646407,0.0,0.0005864203,0.0,1.5090208,0.095041975,0.0,0.88150954,1.4019071,0.258688,0.0,0.0,0.0,0.0,0.15383467,1.3893075,0.0055301087,0.0,1.2660193,1.4211833,1.0746678,0.0,0.09335529,1.1973921,0.0,1.7846987,0.0,0.0,1.7802011,0.28413835,0.0,0.0,0.0,0.04328568,1.0965205,0.0,0.8477105,1.2734655,0.0,0.0,0.6989847,0.1784924,0.033322893,1.2109061,0.4819596,0.0,0.0,0.0,0.0,1.2256773,0.9358204,1.6877837,1.1699185,0.46540287,0.8160827,0.11542432,0.0,0.15147851,1.2887203,0.0,1.1038147,0.0,1.2624028,0.0,0.8941126,0.0,0.0,0.0,1.042361,0.102410026,0.0,0.0,1.3390162,1.384689,1.2309381,0.0,0.9409743,0.0,0.31685522,1.009824,0.6005168,0.0,</b>
0,<b>,0.0,1.3243065,0.0,1.5891845,0.0,0.5473122,0.14990084,0.09234881,0.0,0.0,0.0,1.1435298,0.0,1.0525724,1.1269985,0.17743944,0.0,1.0975353,1.0356728,0.061963513,0.0,0.0,0.36496314,1.0709352,1.5094217,0.19295157,0.13311915,0.6853009,0.572715,0.9718603,0.0,0.0,1.7713612,0.0,1.6770194,0.39642122,0.0,0.0,0.0,0.39260978,0.33692655,0.0,0.0,0.56431013,1.2632753,0.0,0.027080458,0.0,0.36100236,0.46941912,0.0,0.3032782,0.29855,0.0,0.80451894,1.229093,0.0,0.94355243,1.28903,0.0,1.0983925,0.08137676,0.0,1.6312387,0.0,1.6137266,0.0,0.0,0.0,0.0,0.6493213,0.13584067,0.47681266,0.14871669,0.0,0.0,0.7870644,1.2074713,0.0109333135,0.0,0.07328463,0.29347545,0.0,0.0,0.0372885,1.2415259,0.7864284,0.0,0.21128882,0.2446557,0.7769129,0.13607141,0.5325242,0.3143545,1.0814918,1.3734429,0.0,0.0,0.21379596,0.0,0.113710485,0.0847188,1.1287061,0.0,0.0,0.0,0.0,1.1793079,0.26802123,0.0,0.0,0.0,0.3573176,0.0,0.0,0.0,0.98508674,0.0,1.2475109,0.715427,0.0,0.18168518,0.0,1.1784153,0.0,0.9461242,0.0,0.06461987,0.41062233,0.8653205,0.0,0.9931449,0.9668605,0.08749138,0.0,0.0,0.034284793,0.0,0.0,0.0,0.90876085,0.0,0.0,0.0,0.7791204,0.0,0.4220553,0.0,0.2645535,0.44485566,1.8686744,0.0,0.0,0.0,0.0,0.19339645,0.0,0.10902104,0.0,0.0,1.2198536,0.0,0.0,0.0,0.8243175,0.0,0.3329261,0.0,0.57176983,0.0,0.23955189,0.09331058,0.3017047,0.0,0.26996475,0.0,0.0,0.0,0.91855574,0.0,1.1607667,0.0,0.0,1.0801471,0.27616414,0.0,0.0,0.0,0.0,0.0,1.078947,0.0,0.3905677,1.0412189,0.0,1.1329511,1.6665311,0.56152016,0.0,0.0,0.0,0.0,0.0,1.4067974,0.0,0.59156716,0.4648777,0.13560314,0.0,0.9921415,0.0,0.0,0.0,0.0,0.53977203,0.0,0.0,0.27697486,0.0,0.0,0.0,1.2809452,1.0279335,0.49363235,0.27544615,0.0,0.0,0.0,0.0,0.9089606,0.06347888,0.6049774,0.0,0.0,0.0,1.3545767,0.2988597,0.25633484,0.053569835,0.0,1.5259862,1.1324556,0.0,0.0,0.18688828,0.0,1.1306585,0.0,0.19414099,0.0,1.5972391,0.0,0.37935507,0.8726793,0.19426526,0.0,0.0,0.0,0.0,0.0,0.33411738,0.8733093,0.0,0.0,0.0,0.0,0.0,0.048066616,0.08948484,0.0,1.384035,0.0,0.21552564,1.2085888,0.0,0.47774348,0.9928164,0.75568753,0.0,0.0,1.3036088,0.0,0.0,0.032742023,1.0541313,0.12398174,0.0,0.0,0.0,1.4486028,0.0,0.031906746,0.0,0.9682429,0.0,0.17168434,0.0,0.0,0.0,0.0,0.0,0.0,0.0,0.0,0.12670253,0.0,1.6974174,0.0,0.0,0.16589084,0.0,0.9839926,1.2919883,2.2474008,0.0,0.7723022,0.0,0.8179583,0.0,0.0,0.0,0.0,0.16360818,0.0,0.0,0.0,1.2344325,1.7087946,1.042523,0.94991475,0.172617,0.965889,0.61629397,0.0,1.0564804,0.43363583,0.0,0.0,0.0,0.061788235,0.27673215,0.0,0.1251437,0.06928411,0.0,0.3155386,0.13663554,0.22806805,0.023404786,0.5551977,0.89119405,1.4158934,0.0,0.0,0.86147493,0.0,0.04886066,0.6665737,0.9438352,1.5887464,0.0,0.0,0.84891784,0.0,0.0,1.3517171,0.0,0.0,0.0,0.2501889,1.4326307,0.3813859,1.3025783,0.0,1.0491513,0.0,0.35070923,0.45770204,0.030008476,0.0,0.6586859,1.5907999,0.2078471,0.101366624,0.42618123,0.29057002,0.36609298,1.8029587,0.0,0.6116048,0.11283227,0.59348345,0.6013154,0.0,0.0,0.0,0.0,0.0,0.0,0.21352011,0.0,0.842083,0.0,0.9153547,1.4789208,0.76856387,0.0,0.0008411724,0.0,0.001311291,0.30545992,0.0,0.0,0.0,0.0,1.5974975,1.5425115,0.1862182,0.25146496,0.0,0.1863353,1.4476254,0.9994949,0.2447038,0.47077948,0.0,0.0,0.57372427,0.0,0.0,0.3438803,0.0,0.21644619,0.0,1.137654,0.24301614,0.0,0.680053,1.9092164,0.1727087,0.0,0.0,0.0,0.0,0.5261501,1.0566993,0.40303856,0.0,0.88261247,1.2684081,1.1873899,0.0,0.29842964,0.8676588,0.19510868,1.489627,0.18227686,0.0,1.7991197,0.0,0.0,0.0,0.0,0.103234366,0.7933799,0.0,1.2938327,1.1337333,0.0,0.0,1.1225944,0.19708528,0.0,1.4689462,0.0,0.0,0.0,0.0,0.0,1.6557204,0.3800784,1.7365546,1.2238145,0.0,0.9695227,0.05013054,0.0,0.22424437,1.0765624,0.0,1.4846786,0.0,1.1102829,0.0,0.87995803,0.2558122,0.0,0.0,0.76519954,0.1563272,0.0,0.0,0.93034196,1.2316471,1.0566492,0.0,0.8080062,0.0,0.029185055,0.9404304,0.40825182,0.0,</b>
0,<b>,0.0,1.3654286,0.0,1.6133164,0.0,0.6873789,0.0,0.0,0.0,0.0,0.0,1.296737,0.0,1.3109151,1.1333942,0.29366225,0.0,1.2826868,1.1252583,0.163476,0.0,0.0,0.0,1.1931922,1.3468978,0.080799945,0.0,1.1404126,1.6015989,1.2273486,0.018237237,0.0,2.1191435,0.13467322,1.4958324,0.30360368,0.0,0.0,0.0,0.75697213,0.15935054,0.0,0.0,0.52591103,1.4884412,0.0,0.0,0.0,0.012786185,0.66245687,0.0,0.3104599,0.057082377,0.0,1.1611944,1.499909,0.0,1.0574262,1.6709185,0.34147462,1.4075365,0.015635915,0.0,1.7196699,0.0,1.6450968,0.0,0.0,0.0,0.0,0.71846724,0.15867881,0.668645,0.0,0.034717027,0.0,0.86899936,0.80098456,0.0,0.0,0.0,0.38726926,0.0,0.0,0.0,1.4957572,0.47777432,0.0,0.5978341,0.0,1.0129647,0.16236526,0.076332845,0.0,0.83391577,1.2782397,0.0,0.0,0.0,0.0,0.0,0.015882842,1.0923833,0.0,0.0,0.25169393,0.43217382,1.0947105,0.013231353,0.010170729,0.0,0.0,0.0,0.0,0.0,0.0,0.816427,0.0,1.4853209,1.0251567,0.0,0.24769105,0.0,1.3042748,0.0,1.1273412,0.0,0.0,0.3871194,1.0699695,0.10482819,1.2733322,0.96336526,0.0,0.0,0.0,0.0,0.0,0.0,0.0,1.114288,0.0,0.0,0.0,0.9646155,0.0,0.8165822,0.0,0.46761754,0.0,1.6364492,0.27180383,0.0,0.0,0.0,0.0012810435,0.0,0.0,0.0,0.079624265,0.967794,0.0,0.0,0.0,0.9393368,0.0,0.8325078,0.0,0.04222328,0.0,0.06169788,0.0,0.0,0.0,0.10257791,0.0,0.1381344,0.0,1.1766665,0.11628379,1.2475098,0.0,0.00201126,1.0825403,0.034038942,0.0,0.0,0.16091894,0.0,0.0,1.0574348,0.068567045,0.79520285,1.332485,0.031134821,1.3050551,1.7265074,0.69109493,0.0,0.0,0.0,0.0,0.0,1.1783013,0.0,1.535804,0.2447519,0.00081816455,0.0,1.4993634,0.0,0.09954825,0.0,0.0,0.5328754,0.0,0.0,0.2002046,0.0,0.0,0.0,1.2217822,1.1802981,0.96645826,0.0,0.0,0.0,0.0,0.0,1.347417,0.12608504,0.674087,0.0,0.0,0.0,1.3463957,0.0,0.27687773,0.028938789,0.0,1.3167511,1.3917891,0.0,0.0,0.0,0.0,1.218257,0.0,0.0,0.1465797,1.6404928,0.0,0.09642439,1.2917536,0.0,0.0,0.0,0.0,0.0,0.0,0.25889206,0.896795,0.0,0.0,0.0,0.0,0.0,0.0,0.0,0.0,1.3859956,0.0,0.0,1.574145,0.0,0.38507244,0.9022089,0.78432816,0.0,0.0,1.1604408,0.0,0.0,0.0,1.5520425,0.0,0.0,0.0,0.0,1.2745991,0.0,0.0,0.0,0.85306525,0.0,0.0,0.0,0.0,0.0,0.097648114,0.0,0.09213805,0.0,0.0,0.719667,0.0,1.6834733,0.0,0.0,0.12652092,0.0,0.82609767,0.74763334,2.022411,0.0,0.7908051,0.0,1.0738847,0.20127708,0.14977688,0.0,0.0,0.12100285,0.063673995,0.0,0.0,1.4454157,1.5720749,1.5038142,1.2903718,0.2870649,1.1459789,1.0598989,0.0,1.6326987,0.5951142,0.0,0.1714897,0.0,0.0,0.19791728,0.0,0.0,0.20805568,0.0,0.06083019,0.04231467,0.086007506,0.12188158,0.0,1.099126,1.6713277,0.0,0.0,0.89214075,0.0,0.14510687,0.6284584,0.35977444,1.3478094,0.0,0.0,1.236001,0.0,0.18557625,1.1854073,0.0,0.0,0.0,0.5988002,1.040975,1.2753808,1.3410715,0.0,0.9634763,0.0,0.27102342,0.8672252,0.22701788,0.0,0.53997713,1.77264,0.0,0.0,0.88415074,0.30575293,0.54552865,2.3382914,0.0,0.40599966,0.12023441,0.95631975,0.47598574,0.0,0.30482087,0.04812142,0.0,0.0,0.0,0.093566746,0.0,0.9222307,0.0,0.93607825,1.5552014,1.1330769,0.0,0.3997662,0.0,0.0,0.31906337,0.0,0.0,0.0,0.0,1.5498993,1.8824756,0.2522549,0.2632773,0.0,0.4641241,1.3766083,1.0215001,0.17664412,0.0039406884,0.0,0.0,0.4948654,0.0,0.0,0.0,0.0,0.16578634,0.16097927,1.5449407,0.029263232,0.0,1.0209967,1.742567,0.16707452,0.0,0.0,0.0,0.0,0.079925455,1.2731631,0.43883315,0.0,1.2587231,1.3732845,1.230199,0.0,0.0,1.2176539,0.0,1.5455294,0.0,0.0,1.7783873,0.121089384,0.0,0.0,0.0,0.14026442,0.89023334,0.0,1.5898048,1.3603332,0.0,0.0,1.2017907,0.0,0.0,1.3606756,0.0,0.0,0.0,0.0,0.0,1.709305,0.6333805,2.135983,1.2393994,0.0,0.7387359,0.2369712,0.0,0.35162953,1.4208268,0.0,1.2626225,0.0,1.1042956,0.0,0.7645986,0.0,0.0,0.0,0.8396792,0.13008581,0.0,0.0,1.6117244,1.2772785,1.3889954,0.0,1.0961862,0.0,0.20857541,0.7324892,0.49782273,0.0,</b>
0,<b>,0.0,1.4458644,0.3209638,1.6609143,0.0,2.0574982,0.0,0.0,0.0,0.0,0.0,0.81778073,0.0,1.3613236,0.9403341,0.0,0.78100425,1.3707827,1.2017496,0.0,0.0,0.0,0.07505678,0.6529825,2.0289757,0.0,0.0,1.189029,1.8677393,0.34856853,0.0,0.0,1.7708431,0.0,1.3091959,0.70366013,0.0,0.24842033,0.0,0.9889732,0.0,0.0,0.0,0.9175062,2.1762989,0.0,0.0,0.0,0.010259422,0.49083066,0.0,0.05644232,0.0,0.0,1.2333132,1.6208073,0.0,0.48925877,1.8807185,0.0,1.6312823,0.0,0.0,1.196497,0.44481066,1.9446276,0.0,0.0,0.0,0.0,0.7719259,0.042679865,1.9721551,0.015740134,0.0,0.0,1.0185678,1.4818857,0.0,0.0,0.0,0.0,0.0,0.0,0.0,0.9477108,0.30963513,0.0,1.4055291,0.0,1.3045725,0.0,0.0,0.0,1.3355101,1.3829236,0.0,0.0,0.0,0.0,0.0,0.07813018,1.4470114,0.0,0.0,0.017171063,0.0,0.8138968,0.0,0.0,0.0,0.0,0.0,0.461913,0.0,0.0,1.7271645,0.0,1.1026374,1.2889923,0.0,0.0,0.0,1.8059587,0.0,1.3231276,0.0,0.0,0.62769985,0.70401883,0.106932856,1.778828,1.2783879,0.0,0.0,0.0,0.0,0.0,0.0,0.0,0.94324493,0.0,0.0,0.0,1.4806622,0.0,1.2670642,0.0,0.05089455,0.0,1.8831503,0.6939897,0.26671726,0.0,0.0,0.34310696,0.0,0.0,0.0,0.0,0.70323545,0.0,0.15113164,0.0,2.0443983,0.0,0.9516834,0.0,0.22608992,0.0,0.0,0.0,0.0,0.030661672,0.04865159,0.0,0.5788991,0.0,1.615277,0.33568943,1.710699,0.0,0.0,1.5894939,0.0,0.0,0.0,0.0,0.0,0.61085874,0.8898333,0.5829164,1.3780124,2.140762,0.0,1.1825092,1.3924227,1.0485166,0.0,0.0,0.0,0.0,0.0,0.95393276,0.0,1.0762931,0.187188,0.0,0.0,1.6702486,0.0,0.24724692,0.0,0.0,0.37342334,0.0,0.0,0.29018626,0.029512774,0.0,0.0,1.5835631,1.37838,0.0,0.0,0.0,0.0,0.0,0.0,1.3806986,0.09859926,0.7662998,0.0,0.0,0.0,1.108797,0.0,0.2231584,0.0,0.0,1.0285541,1.360594,0.0,0.0,0.0,0.0,2.227161,0.0,0.0,0.0,1.9435463,0.0,0.0,1.6843499,0.0,0.0,0.0,0.0,0.0,0.0,0.120363966,0.0,0.0,0.0,0.0,0.0,0.0,0.095837526,0.0,0.0,2.0421832,0.0,0.0,1.963401,0.0,0.0,1.668529,1.1041102,0.75800943,0.0,1.2100893,0.0,0.0,0.0,1.8517559,0.0,0.0,0.0,0.0,1.3703797,0.0,0.0,0.12561142,1.089754,0.8949304,1.1209928,0.0,0.0,0.0,0.68401533,0.0,0.0,0.0,0.0,0.9130118,0.2735216,1.3746228,0.0,0.0,0.0,0.0,0.97853154,1.0639807,2.311346,0.0,1.0528274,0.0,1.3980758,0.22245742,0.0,0.0,0.0,0.039671365,0.3273109,0.0,0.0,1.6249894,1.7404478,1.2389283,1.3046559,0.40362066,1.2227448,1.1443584,0.0,1.3123055,0.89658695,0.0,0.0,0.0,0.18486518,0.0,0.0,0.0,0.0,0.0,0.558949,0.0,0.0,0.0,0.0,1.8270696,1.0097023,0.0,0.0,0.625568,0.0,0.0,0.0,0.7703735,1.697308,0.0,0.0,2.186201,0.0,0.0,1.2103416,0.0,0.0,0.0,0.7121623,0.89725137,1.3062159,1.9826676,0.6532289,1.7566617,0.0,0.0,0.8647821,0.11078621,0.0,0.7539569,1.5953149,0.0,0.7261973,0.5978868,0.014586088,0.0,1.7091665,0.0,0.0,0.0,1.2857667,0.10424848,0.0,0.41149393,0.58433974,0.0,0.062496282,0.0,0.0,0.0,1.5608248,0.0,0.96225744,1.1829567,2.0455961,0.0,0.1990862,0.0,0.0,0.6543165,0.0,0.0,0.0,0.3509901,1.3041685,2.247756,0.060034335,0.0,0.0,0.33962938,1.6096383,1.2663232,0.0,0.63136965,0.0,0.0,0.1705217,0.0,0.0,0.0,0.0,0.9946033,0.0,1.5872148,0.0,0.8391117,1.3670698,1.292205,0.0,0.0,0.0,0.0,0.0,1.1019092,0.86124194,0.08376729,0.0,1.6390094,0.98794585,1.7763112,0.0,0.09699475,1.3817124,0.0,1.6977935,0.0,0.0,1.8516883,0.0,0.0,0.0,0.0,0.38085207,1.8394152,0.0,1.658816,2.3620813,0.0,0.0,1.2704898,0.0,0.0,1.1742213,0.0,0.0,0.0,0.0,0.0,1.4921515,1.0147384,1.7578835,1.400046,1.0335397,0.7655785,0.0,0.0,0.0,1.8366209,0.0,0.93991864,0.0,1.4017899,0.0,1.0259259,0.16223305,0.0,0.0,0.7347871,0.47065097,0.0,0.0,1.3554521,1.1274743,1.3567975,0.0,1.0349315,0.0,0.0,1.5301763,0.91592807,0.0,</b>
0,<b>,0.0,1.4970924,0.0,1.2141826,0.0,0.0,0.0077265184,0.43114075,0.0,0.0,0.0,0.95490366,0.0,0.81756425,0.8025405,0.2370034,0.0,1.1298559,0.44144267,0.43892264,0.0,0.0,0.66148925,0.87428087,1.2063055,0.6148693,0.6036982,0.7848795,0.50960284,1.0222791,0.40205783,0.0,1.642766,0.0,1.4812626,0.52206695,0.24042293,0.26760975,0.0,0.4365979,0.559355,0.0,0.0,0.4652881,1.1208787,0.0,0.23420747,0.0,0.30231637,0.6698847,0.0,0.34820533,0.25358757,0.08133713,0.85181963,1.6581854,0.0,1.1482196,1.1177993,0.18306199,0.9115799,0.04529669,0.0,1.9149067,0.0,1.6760486,0.0,0.0,0.0,0.0,0.46542248,0.5989578,0.64149415,0.0,0.634592,0.0,0.4516777,0.9570609,0.110125765,0.0,0.03638681,0.6794805,0.0,0.0,0.058974907,1.2596096,0.6073821,0.0,0.020532023,0.4830557,0.9216929,0.37735778,0.6180887,0.07584996,0.88489634,1.185087,0.0,0.0,0.23566967,0.0,0.3468902,0.5509364,1.0315742,0.31278506,0.0,0.0,0.0,1.0682635,0.5649248,0.09336215,0.0,0.0,0.13558327,0.0,0.0,0.0,0.40816528,0.0,1.2172171,0.35055,0.0,0.066804856,0.0,1.3407432,0.0,1.0350202,0.3367859,0.27003652,0.32483146,0.31767404,0.0,0.92945653,0.76169413,0.2033474,0.0,0.0,0.33526894,0.0,0.0112782605,0.0,0.768343,0.0,0.0,0.040833566,0.3589566,0.0,0.37653857,0.0,0.42314595,0.70055777,1.8929465,0.0,0.047835007,0.0,0.0,0.23310092,0.0,0.26851287,0.011104789,0.19888806,0.5128243,0.0,0.0,0.0,1.1210549,0.0,0.6243861,0.0,0.5342649,0.0,0.31251264,0.047335073,0.33385235,0.0,0.5730079,0.0,0.0,0.0,0.4718143,0.0,0.75130314,0.0,0.32635075,0.8733071,0.23343523,0.0,0.0,0.1394997,0.0,0.19049625,0.8958618,0.0,0.0,1.2070671,0.0,1.1231387,1.0051333,0.6321444,0.0,0.0,0.0,0.0,0.0,0.74311984,0.0,0.7968654,0.0,0.3276134,0.0,0.7290805,0.0,0.33363023,0.0,0.0,0.0,0.0,0.085489295,0.19329892,0.23087662,0.0,0.0,0.7829964,1.0302907,0.43723524,0.0,0.0,0.0,0.0,0.0,0.7412075,0.0,0.87672776,0.0,0.0,0.0,1.5468729,0.055110812,0.49496233,0.021241952,0.0,1.5160499,1.1502026,0.0,0.0,0.0017223917,0.0,1.0486318,0.0,0.21289419,0.4415505,1.4679228,0.0,0.5578138,0.70143944,0.4242708,0.0,0.0,0.0,0.0,0.0,0.24000436,0.5200738,0.0,0.076441,0.51832217,0.0,0.0,0.29276532,0.26520327,0.0,1.2892396,0.0,0.4179839,1.2084473,0.0,0.8078853,0.84034634,0.49840337,0.0,0.0,1.3447176,0.044478886,0.0,0.0,1.1761062,0.35760987,0.0,0.0,0.0,1.2904868,0.0,0.037206456,0.0,1.1550794,0.0,0.0,0.0,0.0,0.0,0.0,0.0,0.0,0.0,0.0,0.0,0.0,1.2720814,0.0,0.0,0.16777639,0.1599283,1.0426457,0.9642946,2.2786236,0.0,0.3962443,0.0,0.98235875,0.0,0.031611554,0.12382798,0.0,0.1944541,0.2762333,0.0,0.0,0.7824137,2.0515084,0.9156955,0.95638883,0.057837177,1.0074615,0.7408239,0.0,0.9448445,0.59801185,0.036299855,0.048601817,0.0,0.14391482,0.05243309,0.0,0.02006618,0.18764085,0.0,0.0,0.5177081,0.0652397,0.004745523,0.52060735,0.42950556,1.5662421,0.0,0.0,0.6514898,0.0,0.22888748,0.7163393,0.66382194,1.7269981,0.0,0.0,0.92422956,0.0,0.0,1.2276479,0.0,0.0,0.26790485,0.10061671,1.1579311,0.78234786,0.7351115,0.0,0.751559,0.0,0.20208016,0.4193018,0.35595858,0.0,0.5089113,1.3656026,0.02099597,0.19519514,0.2249644,0.20335007,0.62697804,1.2164851,0.0,0.44874212,0.0,0.5954667,0.5503935,0.3582477,0.12403387,0.0,0.0,0.0,0.0,0.46035787,0.0,1.060526,0.0,0.42831776,1.6208451,0.6635052,0.0,0.5703876,0.07959209,0.3935588,0.11313143,0.089233555,0.0064150207,0.0,0.0,1.4548059,1.0889395,0.7902968,0.41257986,0.0,0.29915836,1.3334972,0.8775208,0.16244408,0.22687024,0.11107447,0.0,0.8035406,0.0,0.0,0.4586978,0.0,0.0,0.0,1.2986114,0.6494593,0.0,0.44786674,1.8320931,0.33525392,0.0,0.0,0.0,0.0,0.0,1.144284,0.41977197,0.0,0.6808368,1.0284535,1.0280789,0.059722014,0.525548,0.82634324,0.17094362,1.5214798,0.03907352,0.0,1.832832,0.0,0.0,0.0,0.0,0.2406679,1.185847,0.0,1.4417629,0.8945492,0.0,0.0,0.92634606,0.32195905,0.04001575,0.90439487,0.196899,0.0,0.08740331,0.0,0.0,1.5128988,0.30974197,1.587838,1.127815,0.0,0.86169106,0.05051387,0.0,0.6790419,0.75831676,0.0,1.444324,0.0,1.1156971,0.14349863,0.66853064,0.17374651,0.0,0.0,0.3564447,0.0,0.0,0.0,1.4805752,1.2094808,1.0307175,0.0,0.38291866,0.0,0.0,0.98642397,0.62480515,0.0,</b>
0,<b>,0.0,1.5288122,0.0,1.2883012,0.24198863,0.7392622,0.0,0.0,0.12522884,0.0,0.0,1.1332071,0.0,1.3097272,1.1581372,0.0,0.3231193,1.7471422,0.8456056,0.09705882,0.0,0.0,0.0690207,1.4355378,1.3781769,0.33840886,0.0,1.3486856,1.3010718,1.2901434,0.33415645,0.0,2.3002114,0.0,1.7037003,0.39893538,0.0,0.0,0.0,0.7940909,0.09698409,0.0,0.0,0.559298,1.4653963,0.0,0.056557205,0.0,0.06973201,1.011613,0.0,0.22153056,0.0,0.0,1.2299693,1.3744248,0.0,1.0440928,1.8193095,0.09400755,1.4821151,0.0,0.0,1.6530693,0.0,1.6533185,0.0,0.0,0.0,0.0,0.9693162,0.16011754,0.58564985,0.0,0.2826877,0.0,0.5659979,0.7501885,0.0,0.0,0.0,0.29432145,0.0,0.0,0.0,1.5799252,0.49022806,0.0,0.48381552,0.0,0.9029846,0.21273884,0.13274914,0.0,0.8625841,1.1048377,0.0,0.0,0.081994265,0.0,0.0,0.0,1.2664015,0.0,0.0,0.0,0.0,1.3231732,0.0,0.0,0.0,0.0,0.0,0.0,0.0,0.0,0.9741893,0.0,1.6216803,0.97786796,0.0,0.0,0.0,1.5917071,0.0,1.2429019,0.0,0.0,0.35270193,1.1376753,0.0,1.3274618,0.9351927,0.0,0.0,0.0,0.0,0.0,0.0,0.0,1.0409684,0.0,0.0,0.09594238,0.8876612,0.0,0.6706821,0.0,0.05371368,0.0,2.140095,0.0,0.0,0.0,0.0,0.0,0.0,0.0,0.0,0.028031077,1.2015071,0.0,0.008866307,0.0,1.2617177,0.0,0.6702293,0.0,0.0,0.0,0.07378338,0.0,0.0,0.0,0.080939755,0.0,0.22528923,0.0,1.1167872,0.0,1.3430585,0.0,0.0,1.226601,0.0,0.0,0.0,0.19147862,0.0,0.2515711,1.1724362,0.10504503,0.73507315,1.2471403,0.0,1.2868419,1.5045944,0.71707004,0.0,0.0,0.0,0.0,0.0,0.7524115,0.0,1.291993,0.26270258,0.0,0.0,1.3375765,0.0,0.16746211,0.0,0.0,0.51017225,0.0,0.0,0.03368614,0.0,0.0,0.0,1.4806043,1.0405555,0.9619282,0.0,0.0,0.0,0.0,0.0,1.4793699,0.0,0.8934763,0.0,0.0,0.00093992543,1.3908525,0.0,0.24210994,0.0,0.0,1.1331184,1.6260792,0.0,0.0,0.0,0.0,1.4172311,0.0,0.0,0.0,1.5775875,0.0,0.017955404,1.3713411,0.0,0.0,0.0,0.0,0.0,0.0,0.2545869,0.36560273,0.0,0.0,0.0,0.0,0.0,0.0,0.0,0.0,1.4993029,0.0,0.0,1.8112026,0.0,0.16160402,0.9854274,0.4567513,0.0,0.0,1.1862087,0.0,0.0,0.0,1.5828986,0.0,0.0,0.0,0.0,1.2844919,0.0,0.0,0.0,1.1407369,0.0,0.39125347,0.0,0.0,0.0,0.3888132,0.0,0.0,0.0,0.0,0.52555203,0.15630108,1.830027,0.0,0.0,0.010654315,0.0,1.065062,1.2970257,2.0518038,0.0,0.76029724,0.0,1.3046322,0.02388132,0.0,0.0,0.0,0.0,0.14058164,0.0,0.0,1.1878046,1.7633607,1.6176598,1.3225287,0.051725637,1.3266735,0.80385834,0.0,1.1147065,0.5789442,0.0,0.0,0.0,0.0,0.0,0.0,0.0,0.0,0.0,0.38902086,0.07156118,0.0,0.0,0.11470967,0.9264503,1.8740644,0.0,0.0,0.5680905,0.0,0.0,0.7977696,0.8386003,1.2145385,0.0,0.0,0.77163744,0.0,0.0,1.4173716,0.0,0.0,0.0,0.59079593,1.2509583,1.2932975,1.1816168,0.0,0.69496703,0.0,0.24434756,0.68337125,0.25642076,0.0,0.72403675,1.7162858,0.0,0.093711376,0.32223028,0.15623869,0.27610555,1.9801435,0.0,0.12100753,0.06759172,1.043855,0.07591763,0.0,0.07152167,0.0,0.0,0.0,0.0,0.0,0.0,1.2144462,0.0,0.74215734,1.5115813,1.2155716,0.0,0.0,0.0,0.0,0.21512721,0.0,0.0,0.0,0.0,1.5594249,1.367735,0.040275127,0.0,0.0,0.33549264,1.297354,1.347838,0.0,0.19782446,0.0,0.0,0.6929952,0.0,0.0,0.21338716,0.0,0.11874008,0.0,1.485214,0.13806354,0.19090612,0.6952456,1.5024469,0.12800333,0.0,0.0,0.0,0.0,0.42016095,1.5651977,0.134178,0.0,1.4180254,1.2681583,1.1809436,0.0,0.0,1.494752,0.0,1.5736934,0.0,0.0,2.0918858,0.0,0.0,0.0,0.0,0.08835763,1.0934604,0.0,1.40824,1.6494435,0.0,0.0,1.4317209,0.0,0.0,1.2591139,0.18010767,0.0,0.124396965,0.0,0.0,1.8262619,0.89267397,1.8045148,1.1851534,0.43499634,0.91131115,0.08062925,0.0,0.20288111,1.3705317,0.0,1.3070573,0.0,1.03008,0.0,0.7274612,0.0,0.0,0.012227833,0.86511296,0.18080701,0.0,0.0,1.3758173,1.407163,1.2691766,0.0,1.0491368,0.0,0.0,0.9769664,0.89545655,0.0,</b>
0,<b>,0.0,1.5669006,0.0,1.2597362,0.47867522,1.2815675,0.0,0.0,0.0,0.0,0.0,1.5908265,0.0,1.5061142,1.259832,0.0,0.0,1.5214034,1.1817796,0.0,0.0,0.0,0.16260198,0.84257704,1.8851614,0.0,0.3318043,1.7236617,1.2994854,1.2559171,0.23123014,0.0,2.2021494,0.0,1.5165036,1.0960377,0.0,0.26811898,0.0,0.15134105,0.030332182,0.0,0.0,0.98445016,1.6789563,0.0,0.0,0.0,0.0,1.0314215,0.31950292,0.0,0.0,0.0,0.7172966,1.278156,0.0,0.48805878,1.6341807,0.0,1.8266793,0.015760986,0.0,1.2806181,0.0,1.9992753,0.0,0.0,0.0,0.0041417927,1.1587644,0.35001335,0.94185495,0.44934452,0.049314532,0.0,1.345732,1.0791876,0.19831848,0.0,0.0,0.0,0.0,0.0,0.09462422,1.7436379,0.65546715,0.0,1.2166758,0.0,1.6860315,0.030387525,0.19856632,0.0,1.5491451,0.9417886,0.0,0.0,0.0,0.0,0.0,0.0,1.5625856,0.0,0.0,0.43446383,0.0,1.4777893,0.24160045,0.0,0.0,0.0,0.0,0.0,0.0,0.0,1.2962744,0.0,1.7304827,1.7215945,0.0,0.517953,0.0,0.8171085,0.0,1.2200941,0.022250846,0.0,0.6094574,0.66188943,0.203821,1.4990911,1.2099553,0.0,0.0,0.0,0.0,0.0,0.0,0.0,1.4001268,0.0,0.0,0.0,0.99978006,0.0,0.75213194,0.0,0.0,0.0,1.3943373,0.0,0.0,0.0,0.0,0.0,0.0,0.0,0.0,0.0,1.7389423,0.0,0.6943515,0.13481823,1.9046918,0.0,0.9551287,0.0,0.0,0.0,0.0,0.0,0.0,0.0,0.14364201,0.2062826,0.0,0.0,1.6742136,0.5980098,0.9488266,0.0,0.0,1.4714409,0.0,0.0,0.0,0.0,0.0,0.0,0.8993781,0.053266514,0.89619374,1.7529181,0.13648866,1.2523751,1.5826495,1.0791302,0.0,0.0,0.0,0.0,0.0,0.79070365,0.0,1.245646,0.72827864,0.0,0.0,1.2109162,0.0,0.08182229,0.0,0.0,0.7667273,0.0,0.0,0.0,0.0,0.0,0.0,1.4150214,0.9961215,1.0496373,0.0,0.0,0.0,0.0,0.0,1.2669326,0.26363537,1.1528677,0.0,0.0,0.0,1.1810439,0.0,0.829766,0.0,0.0,1.0848274,0.95394313,0.0,0.0,0.3350879,0.0,1.289573,0.02242808,0.0,0.2868333,1.3835514,0.0,0.40968347,1.3277692,0.0,0.32468906,0.0,0.0,0.0,0.0,0.0,0.07017813,0.0,0.0,0.0,0.0,0.0,0.31264338,0.0,0.0,1.6970904,0.0,0.16453473,1.360617,0.0,0.29340267,1.0572944,1.1113433,0.0,0.0,1.1903346,0.0,0.0,0.0,1.6408536,0.14115348,0.0,0.0,0.0,1.6720079,0.0,0.16649179,0.0,1.161434,0.0,1.0168203,0.0,0.0,0.0,0.07988374,0.0,0.0,0.2367332,0.0,0.43200168,0.36769742,1.254168,0.0,0.0,0.0,0.0,1.1036978,1.8526049,1.7309732,0.0,0.45113066,0.0,1.319768,0.0,0.0,0.21731125,0.0,0.19922204,0.0,0.0,0.0,1.7215798,1.6977369,1.0046953,1.0421568,0.0,0.6020111,1.044748,0.0,1.2514651,0.57394516,0.0,0.0,0.0,0.0,0.0,0.0,0.045609772,0.0,0.0,0.17581047,0.3675574,0.23848768,0.0,0.01682922,1.248004,1.5888618,0.0,0.0,0.9134508,0.0,0.4234857,0.049687147,0.8974099,1.8160264,0.0,0.0,0.9047205,0.0,0.0,1.3256818,0.0,0.0,0.0,0.7425661,0.6343882,1.1230669,1.6977566,0.0,0.9649879,0.0,0.0,1.3461472,0.3949844,0.0,1.037838,2.0752761,0.0,0.47283146,0.0,0.082708836,0.0,1.7623134,0.0,0.009605243,0.15368108,1.4017224,0.0,0.0,0.4213305,0.0,0.0,0.0,0.0,0.1514768,0.0,1.1298815,0.0,1.2988538,1.6375557,1.0382997,0.0,0.06536344,0.0,0.0,0.97047293,0.62847036,0.0,0.0,0.5192698,1.1183474,1.815766,0.31094056,0.02856913,0.0,0.23240857,1.6949528,1.5451916,0.04307718,0.18062663,0.0,0.0,1.0949708,0.0,0.0,0.07027711,0.0,0.16742764,0.0,1.8304156,0.0,0.019196615,0.8003212,1.3597794,0.20661916,0.0,0.0,0.0,0.0,0.59706,1.087807,0.30113307,0.0,1.7080468,1.8633986,1.7193252,0.0,0.77985865,1.1567605,0.0,2.131302,0.0,0.0,1.9686594,0.0,0.0,0.0,0.0,0.6201997,1.3762156,0.0,1.1540183,1.5607308,0.0,0.0,0.85031956,0.22643328,0.07626059,1.4304235,0.43963844,0.0,0.0,0.0,0.0,1.3478587,1.4924644,1.9100435,1.6714346,0.5072028,1.0082316,0.0,0.0,0.0,1.4954935,0.0,1.4256755,0.0,1.9714361,0.0,0.9115075,0.14716549,0.0,0.0,1.2724626,0.21882494,0.0,0.0,1.2410551,1.6796757,1.739209,0.0,1.042659,0.0,0.0,1.1946875,1.3280007,0.0,</b>
0,<b>,0.0,1.5783865,0.0,1.4925265,0.0,0.9026644,0.23776177,0.05727059,0.0,0.0,0.0,1.1269566,0.0,1.5262191,0.7969991,0.09217551,0.0,1.7146417,1.0580477,0.39695653,0.0,0.0,0.29058573,1.254811,1.8825221,0.124845274,0.13516316,1.2361287,1.5616051,1.254431,0.0,0.0,2.3969448,0.05178149,1.6608268,0.7263031,0.10258964,0.29722378,0.0,0.75747377,0.0,0.0,0.0,0.63929814,1.6933408,0.0,0.0,0.0,0.0,0.5015617,0.0,0.044501543,0.0,0.0,1.4640684,1.9492118,0.0,1.1080182,1.9877155,0.14429367,1.3899083,0.18556355,0.0,1.8208724,0.0,1.6659518,0.0,0.0,0.0,0.161585,0.8262824,0.07890826,1.0014626,0.05899225,0.49898684,0.0,0.9807417,0.7052663,0.00021151453,0.0,0.0,0.41487795,0.0,0.0,0.0,1.6206496,0.8538609,0.0,0.8544688,0.1317437,1.6593635,0.116793655,0.32722467,0.0,1.0492333,1.3580334,0.0,0.0,0.06547454,0.0,0.0,0.47674227,1.4339962,0.22512513,0.0,0.12637311,0.0,0.9367335,0.0,0.12047139,0.0,0.0,0.0,0.0,0.0,0.0,0.8571261,0.0,1.6695385,0.7322111,0.0,0.24807581,0.0,1.4115734,0.0,1.7590297,0.020629331,0.0,0.25807106,0.73279005,0.24280083,1.64027,1.0634675,0.06190571,0.0,0.0,0.0,0.0,0.0,0.0,0.91411966,0.0,0.0,0.0,0.6074784,0.0,0.8112985,0.0,0.15075156,0.34067878,2.027764,0.20218082,0.049642995,0.0,0.11125579,0.18112814,0.0,0.0,0.0,0.33898282,1.0653884,0.0,0.030855719,0.0,1.131586,0.0,0.99749696,0.0,0.42971012,0.0,0.16210635,0.0,0.035198834,0.0,0.25551575,0.0,0.26232427,0.0,1.0885631,0.0,1.7293643,0.0,0.0584796,1.1369565,0.045325525,0.0,0.0,0.0,0.0,0.10556666,0.60067767,0.32335213,0.85012966,1.5163238,0.0,1.3970286,1.6791313,0.78827375,0.0,0.0,0.0,0.0,0.0,1.4464446,0.0,1.6905445,0.36754218,0.0,0.0,1.5419161,0.0,0.10152655,0.0,0.0,0.26415902,0.0,0.0,0.5219695,0.0,0.0,0.0,1.4285853,1.1737206,0.6623888,0.0,0.0,0.0,0.0,0.0,1.5355446,0.065965176,0.89337915,0.0,0.0,0.0,1.4736185,0.10282594,0.6004528,0.0,0.0,1.2766422,1.5702096,0.0,0.0,0.0,0.0,1.5185826,0.0,0.24150096,0.09276249,1.5976568,0.0,0.16023475,1.6335975,0.0,0.11436266,0.0,0.0,0.0,0.0,0.0,0.7198078,0.0,0.0,0.0,0.0,0.0,0.0,0.0,0.0,1.4755731,0.0,0.38019425,1.9383756,0.0,0.0,1.3682909,0.3529293,0.0,0.0,1.4619526,0.0,0.0,0.0,2.0904531,0.46753976,0.0,0.0,0.0,1.5518091,0.0,0.06440025,0.0,0.8283163,0.0,0.44865507,0.0,0.0,0.0,0.14276728,0.0,0.450195,0.0,0.0,0.2633922,0.052632853,1.6164285,0.0,0.0,0.08656703,0.0007050773,1.2919283,0.906112,2.527713,0.0,0.567705,0.0,1.400861,0.059777115,0.26629633,0.0,0.0,0.0972459,0.5414652,0.0,0.0,1.414403,1.803241,1.7065701,1.2555977,0.1308183,1.4393597,0.92673105,0.0,2.0208526,0.91548246,0.0,0.076868,0.0,0.0,0.0,0.0,0.09531625,0.0,0.0,0.0,0.056734055,0.0877426,0.0,0.0,1.0962986,1.5652068,0.0,0.0,0.5801502,0.0,0.0,0.47246644,0.43284476,1.460946,0.0,0.0,1.4546152,0.0,0.33420852,1.3256167,0.0,0.0,0.0,0.20801197,0.7278007,1.5661664,1.5975792,0.0,1.0938045,0.0,0.057982158,1.0145407,0.5823138,0.0,0.7459485,1.971188,0.0,0.40114495,0.46091548,0.5031603,0.1489643,1.7764046,0.0,0.10188167,0.0,0.7304856,0.64023167,0.043545026,0.06373113,0.0,0.0,0.0,0.0,0.26802063,0.0,1.3127803,0.0,1.0726031,1.7072707,1.1663959,0.0,0.38333872,0.0,0.0,0.22794954,0.0,0.0,0.0,0.0,1.518172,2.1160417,0.20302033,0.0,0.0,0.31902865,1.3475991,1.1797066,0.21742046,0.306378,0.0,0.0,0.36651286,0.0,0.0,0.17457272,0.0,0.21804297,0.15332183,2.0812852,0.18549688,0.0,0.85005283,1.6111236,0.36021268,0.0,0.0,0.0,0.0,0.46095088,1.2394377,0.14809246,0.0,1.6980242,1.5351683,1.1672987,0.0,0.05582694,1.3293191,0.058225613,1.8968155,0.0,0.0,2.2956934,0.21691167,0.0,0.0,0.0,0.23044245,1.3306192,0.0,1.7040147,1.6042145,0.0,0.0,0.89306575,0.0,0.0,1.708542,0.09436604,0.0,0.0,0.0,0.0,1.7255722,0.55691016,1.6551684,0.99906904,0.25893158,1.1608402,0.18434015,0.0,0.1882187,1.460344,0.0,1.6187998,0.0,1.2987499,0.0,0.92066276,0.0478588,0.0,0.0,0.5441698,0.24870364,0.0,0.0,1.4921525,1.5806127,1.2091486,0.37000182,1.726386,0.0,0.3647358,1.2277802,1.0050305,0.0,</b>
0,<b>,0.0,1.7119778,0.4101631,1.4571202,0.09956643,2.2273786,0.0,0.0,0.0,0.0,0.0,1.5046474,0.0,1.3461163,1.0286169,0.0,0.31433704,1.8034558,0.8909635,0.0,0.0,0.0,0.0,1.0189757,2.0980136,0.1444845,0.0,1.4239415,1.8225335,1.260127,0.25228152,0.0,2.0502918,0.0,1.3603522,0.9064816,0.0,0.0,0.0,0.47791496,0.0,0.0,0.0,1.260102,2.0512648,0.0,0.0,0.0,0.0,1.078616,0.45447633,0.007710277,0.0,0.0,1.1422343,1.5723946,0.0,0.7886045,1.873713,0.0,2.0337772,0.0,0.10224171,1.1942445,0.0,2.3016508,0.0,0.0,0.0,0.0,1.4119864,0.0,0.56392735,0.0,0.2139111,0.0,0.77161694,1.2278569,0.0,0.0,0.0,0.0,0.0,0.0,0.0,1.5323445,0.49880028,0.0,1.3966216,0.0,1.3475976,0.0,0.0,0.0,1.3301748,1.3888965,0.0,0.0,0.0,0.0,0.0,0.0,1.6541773,0.0,0.0,0.05603919,0.07636933,1.0417677,0.0,0.0,0.0,0.0,0.0,0.21252714,0.0,0.0,1.5417795,0.0,1.5500294,1.651974,0.0,0.0,0.0,1.6913213,0.0,1.5817119,0.04907663,0.0,0.5292176,0.9800552,0.0,1.9998719,1.5387093,0.0,0.0,0.0,0.0,0.0,0.0,0.0,1.3726822,0.0,0.0,0.0,1.6907,0.0,0.48103648,0.0,0.0,0.0,1.7938894,0.0,0.059652522,0.0,0.0,0.0,0.0,0.0,0.0,0.0,1.3744757,0.0,0.9125515,0.06975787,2.0157328,0.0,1.2603303,0.0,0.0696246,0.0,0.0,0.0,0.0,0.0,0.01858981,0.0,0.25369757,0.0,1.6465597,0.503197,1.9331421,0.0,0.0,1.8122585,0.0,0.0,0.0,0.0,0.0,0.029625963,0.9406552,0.67853427,1.2159698,2.0041428,0.0,1.2898333,1.5026777,1.1283367,0.0,0.0,0.0,0.0,0.0,0.70197797,0.0,1.177877,0.7600333,0.0,0.0,1.6354003,0.0,0.01403092,0.0,0.0,0.58817047,0.0,0.0,0.0,0.0,0.0,0.0,1.5128175,1.3713304,1.0080683,0.0,0.0,0.0,0.0,0.0,1.6157246,0.2220252,1.2491324,0.0,0.0,0.0,1.3798296,0.0,0.33463264,0.0,0.0,1.2641956,1.473812,0.0,0.0,0.0,0.0,1.9034947,0.0,0.0,0.06384831,2.021591,0.0,0.0,1.580727,0.0,0.017965319,0.0,0.0,0.0,0.0,0.0,0.0,0.01239587,0.0,0.0,0.0,0.0,0.0,0.0,0.0,1.6406915,0.0,0.0,2.0391128,0.0,0.0,0.8778018,1.2330499,0.24775639,0.0,1.2956867,0.0,0.0,0.0,1.9780965,0.0,0.0,0.0,0.0,1.2830739,0.0,0.0,0.0,1.0332229,0.7234527,1.1831114,0.0,0.0,0.0,0.5346433,0.0,0.0,0.0,0.0,1.0283878,0.64710695,1.5472847,0.0,0.0,0.0,0.0,1.2454299,2.0076537,2.1382365,0.0,0.45869988,0.0,1.621592,0.0,0.05112844,0.0,0.0,0.0,0.0,0.0,0.0,1.3040094,1.7834138,1.4982289,1.6440138,0.0,0.81216025,1.1407598,0.0,1.7776928,0.66904944,0.0,0.0,0.0,0.19793671,0.0,0.0,0.0,0.0,0.0,0.8442962,0.12917887,0.1084204,0.0,0.0,1.0187914,1.3825523,0.0,0.0,0.6827706,0.0,0.5473111,0.0,1.1381257,1.6692215,0.0,0.0,1.2868258,0.0,0.12150686,1.3056532,0.0,0.0,0.0,1.0861796,1.131064,1.7107506,1.7214587,0.0,1.6776812,0.0,0.0,1.6442819,0.36577892,0.0,1.2577434,1.8535695,0.0,0.7654316,0.13290475,0.0,0.0,1.5476186,0.0,0.0,0.0,1.117677,0.0,0.0,0.8988182,0.052238043,0.0,0.0,0.0,0.0,0.0,1.6668295,0.0,1.1754276,1.4415728,2.2145185,0.0,0.086530745,0.0,0.0,0.67352396,0.0,0.0,0.0,0.45331728,1.4549531,1.9300499,0.36955667,0.0,0.0,0.2871684,2.0206904,1.8657035,0.0,0.64263403,0.1317201,0.0,0.59645516,0.0,0.0,0.0,0.0,0.92085457,0.0,2.1213772,0.0,0.48148373,0.7202978,1.184563,0.29237828,0.0,0.0,0.0,0.0,0.9982081,1.705154,0.09740817,0.0,1.6288501,1.7338203,1.7759401,0.0,0.10633353,1.894731,0.0,1.7942036,0.0,0.0,2.3870819,0.0,0.0,0.0,0.0,0.39079618,1.645351,0.0,1.2946509,2.0746458,0.0,0.0,1.3941332,0.05694875,0.054518245,1.4338293,0.38876727,0.2142304,0.0,0.0,0.0,1.840032,1.9923451,1.837637,1.4574759,1.1779686,1.2091535,0.1735324,0.0,0.028469313,1.8544611,0.0,1.1792537,0.0,1.593587,0.0,0.9069703,0.0,0.0,0.0,1.0707083,0.0,0.0,0.0,1.3349261,1.5936002,1.4336892,0.0,1.1169571,0.0,0.0,1.656518,1.376852,0.0,</b>
1,<b>,0.0,0.0,0.0,0.0,0.0,0.0,0.7283144,0.0,0.6230607,0.0,0.15805228,0.0,0.45091927,0.0,0.06342177,0.45348063,0.0,0.0,0.0,0.5594714,0.0,0.07288779,0.7256912,0.0,0.0,0.8183585,0.435757,0.0,0.0,0.0,0.41901076,0.41779906,0.0,0.7283392,0.0,0.0,0.5996377,0.4982439,0.0,0.0,0.7368902,0.9607717,0.0,0.0,0.0,0.0,0.60352147,0.016117698,0.7783786,0.0,0.0,0.6088956,0.22770081,0.52090067,0.0,0.0,0.0,0.0,0.0,0.85998094,0.0,0.48479328,0.65105295,0.0,0.0,0.0,0.32548225,0.2531036,0.5842094,0.35938072,0.0,0.5488262,0.0,0.7195138,0.74908996,0.0,0.0,0.0,0.66341186,0.3542362,0.7174373,0.51143426,0.44585267,0.0,0.7470845,0.027802812,0.0,0.0,0.0,0.7480412,0.0,0.47827303,0.533435,0.40288937,0.0,0.0,0.0,0.0,0.0,0.8257934,0.65811235,0.8086371,0.0,0.47647774,0.0,0.0,0.8482659,0.0,0.49313554,0.6079796,0.0,0.0,0.28101796,0.0,0.0,0.0,0.0,0.10430284,0.0,0.0,0.30754,0.8205386,0.0,0.0,0.35770252,0.0,0.57653284,0.38101,0.15627185,0.0,1.1398957,0.12730977,0.0,1.0243405,0.1224809,0.0,0.62553304,0.42038333,0.0,0.85440683,0.0,0.4747178,0.39509612,0.43703356,0.0,0.0,0.0,0.0,0.28234118,0.5699657,0.0,1.0286013,0.9369361,0.0,0.9765127,0.9104909,0.0,0.33554128,0.43809202,0.6048375,0.0,0.0,0.0,0.70383537,0.0,0.0,0.252244,0.0,1.096027,0.0,0.24941401,0.31174767,0.53794867,0.0,0.75116116,0.0,0.0,0.0,0.0,0.0,0.0,0.0,0.86980164,0.0,0.45976052,0.0,0.2486915,0.61179185,0.02153479,0.0,0.0,0.0,0.0,0.0,0.38766718,0.0,0.0,0.0,0.0,0.0,0.0,0.0,0.0,0.0,0.0,0.0,0.0,0.21653114,0.0,0.0,0.0,0.77419984,0.31541833,0.50969326,0.0,0.0,0.2727835,0.6749634,0.69712067,0.57946485,0.0,0.0,0.0,0.0,0.14254132,0.52387035,0.0,0.6264992,0.0,0.0,0.8860605,0.0,0.0,0.8851589,0.82533526,0.0,0.0,0.88259876,0.61015856,0.008827498,0.0,0.0,0.0,0.0,0.38743192,0.2585313,0.0,0.38140506,0.9593325,0.82722753,0.022094134,0.33955607,0.48902947,0.0,0.27270815,0.64841753,0.0801727,0.0,0.0,0.8744336,0.0,0.0,0.7240829,0.25612247,0.41504896,0.0,0.5961634,0.7702747,0.12901486,0.79182553,0.0,0.78478205,0.8152774,0.0,0.32419857,0.648694,0.0,0.0,0.0,0.0,0.0,0.123984866,0.0,0.42617553,0.0,0.9100179,0.0,0.0,0.0,0.0,0.0,0.68200606,0.0,0.0,0.0,0.0,0.0,0.0,0.00041841902,0.0,0.0,0.68181115,0.011095901,0.27863804,0.0,0.486395,0.0,0.0,0.0,0.49490267,0.74260885,0.0,0.0,0.0,0.0,0.06733102,0.2986,0.0,0.6338612,1.1594225,0.42289767,0.0,0.7578763,0.96335727,0.0,0.39328957,0.0,0.0,0.0,0.0,0.7807079,0.0,0.0,0.0,0.0,0.15010706,0.42392626,0.77039766,0.07403682,0.803405,0.5060738,0.17051506,0.118358046,0.29569456,0.0,0.0,0.8190476,0.28912935,0.4599443,0.0,0.08277035,0.0,0.0,0.0,0.10044645,0.5428384,0.8302783,0.0,0.0,0.0,0.0,0.1121533,0.0,0.0,0.72004205,0.0,0.5153083,0.09065176,0.23131113,0.0,0.0,0.0,0.0,0.0,0.05718557,0.0,0.0,0.0,0.82975656,0.0,0.0,0.0,0.4239226,0.0,0.0,0.7614381,0.9408887,0.0,0.0,0.40631798,0.10885542,0.0,1.008117,0.62014157,0.0,0.0,0.0,0.0,0.0,0.5650374,0.0,0.0,0.0,0.0,0.0,0.0,0.0,0.8354963,0.52850395,0.3012204,0.0,1.0682148,0.80917645,0.38258937,0.0,0.0,0.0,0.6664704,1.1266458,0.0,0.42300662,0.0,0.0,0.42695668,0.0,0.33064044,0.26548135,0.0,0.0,0.18242641,0.4679255,0.0,0.0,0.8867763,0.0,0.80563545,0.0,0.0,0.0,0.5086922,0.0,0.0,0.0,0.0,0.0,0.0,1.3163553,0.08581918,0.0,0.0,0.0,0.6991383,0.6544411,0.0,0.21301278,0.0,0.064960554,0.0,0.05534976,0.7982061,0.0,0.0,0.0,0.710548,0.0,0.0,0.0,0.0,0.0,0.0,0.0,0.8408296,0.90933776,0.09438421,0.72358096,0.62443924,0.5553062,0.83378166,0.0,0.0,0.0,0.008101961,0.0,0.0,0.0,0.59880733,0.0,0.7644614,0.0,0.0,0.0,0.0,0.0,0.70285356,0.0,0.68824553,0.71110225,0.19643861,0.0,0.6312825,0.0,0.0,0.11194489,0.0,0.016957939,0.784829,0.0,0.0,0.49951082,0.0,0.0,0.0,</b>
1,<b>,0.0,0.0,0.0,0.0,0.0,0.0,0.74374133,0.8077149,0.0,0.37158382,0.5276515,0.0,0.64287806,0.0,0.0,0.79438335,0.0,0.0,0.24725498,0.70324814,0.0,0.23199052,0.8694389,0.0,0.0071115308,0.8555547,0.821497,0.0,0.0,0.0,0.7785999,0.44852507,0.0,0.5010989,0.0,0.0,1.1492755,0.5935556,0.0,0.0,0.7387703,0.0,0.0,0.0,0.0,0.26089817,0.7447397,0.29773468,0.053602222,0.0,0.0,0.8959258,0.45644295,0.76719576,0.0,0.0,0.1753418,0.0,0.0,0.6197765,0.0,0.2917436,1.0236849,0.0,0.0,0.0,0.0,0.1407381,0.7160577,0.58010477,0.0,0.9655415,0.0,0.5266856,0.72590613,0.0,0.0,0.0,0.59929895,0.0,0.27670398,0.9353942,0.5209124,0.0,0.31483245,0.0,0.0,0.9201528,0.0,0.8736269,0.07475579,0.3885093,1.0481001,0.65697813,0.0,0.0,0.50032175,0.0,0.7011977,0.45162162,0.3471681,0.35083964,0.0,0.6120266,0.0,0.0,0.8939195,0.0,0.81929135,0.3793769,0.0,0.0,0.4129109,0.0,0.0,0.0,0.0,0.037314937,0.0030600894,0.0,0.52994275,0.29649097,0.0,0.0,0.31351075,0.0,0.7796612,0.3656737,0.60576165,0.0,0.5581688,0.0,0.0,0.3833656,0.0,0.0,0.80918205,0.5774697,0.0,0.6718799,0.0,0.09139346,0.9040949,0.05354612,0.0,0.0,0.0,0.0,0.9151545,0.6476167,0.0,0.94288677,0.74250454,0.29583225,0.0,0.9151014,0.0,0.5144502,0.6488139,0.8439919,0.0,0.0,0.0,0.24663357,0.0,0.0,0.0,0.0,1.0019957,0.0,0.66829187,0.9790379,0.5889144,0.0,0.6922708,0.79368347,0.0,0.0,0.0,0.0,0.0,0.0,0.6757147,0.0,0.88599366,0.0,0.26635754,0.37635863,0.2743353,0.0,0.0,0.0,0.0,0.0,0.24938653,0.0,0.0,0.0,0.0,0.0,0.0,0.0,0.0,0.0,0.859284,0.0,0.0,0.26450446,0.0,0.0,0.0,0.7629147,0.6205546,0.75923187,0.0,0.0,0.9246415,0.98494357,0.39185226,0.0,0.0,0.003198404,0.0,0.0,0.8650727,0.53153527,0.0,0.028357083,0.0,0.0,0.6142624,0.0,0.0,0.9177002,0.035073835,0.0,0.0,0.33028978,0.44161004,0.01195877,0.0,0.0,0.0,0.0,0.89356476,0.0,0.0,0.8218591,0.2420037,0.80382395,0.0,0.8187295,0.5053157,0.0,0.47225347,0.7911566,0.016177481,0.0,0.22017041,0.06082882,0.0,0.0,0.0014346754,0.64166176,0.51329756,0.7381905,0.0,0.29170248,0.86043936,0.6112075,0.0,0.21661313,0.7326543,0.0,0.40884578,1.3381091,0.0,0.0,0.0,0.0,0.0,0.9430526,0.0,0.7046285,0.0,0.5203285,0.0,0.07851023,0.0,0.0,0.7768285,0.82883835,0.0,0.0,0.0,0.0,0.0,0.0084076,0.0,0.0,0.147129,0.84689486,0.4903236,0.3002368,0.0,0.39063793,0.0,0.0,0.0,0.7350534,0.14383669,0.0,0.0,0.06837,0.0,0.0,0.0,0.0,0.10658418,0.6731741,1.0042673,0.0,0.851318,0.6849129,0.0,0.0,0.0,0.0,0.052390292,0.0,0.9613469,0.0,0.0,0.0,0.0,0.0,0.35048017,0.6198973,0.24657261,0.35059068,0.33263183,0.34576675,0.73797053,0.9721915,0.51000065,0.0,0.75738823,0.5921676,0.11796811,0.48424017,0.040162973,0.0,0.0,0.0,0.0,0.0,0.7144924,0.0,0.0,0.0,0.0,0.0,0.0,0.0,0.1696654,0.0,0.38651827,0.23360513,0.3518353,0.0,0.0,0.0,0.0,0.0,0.0,0.0,0.074049376,0.0,0.8618809,0.28466114,0.0,0.0,0.66789174,0.0,0.0,0.7747979,0.55791456,0.12301768,0.0,0.48986545,0.49880806,0.0,1.0263693,0.98916364,0.0,0.0,0.0,0.0,0.54630655,0.6900652,0.0,0.0,0.36137533,0.084211245,0.0,0.0,0.0,0.5550458,0.49433458,0.6694663,0.0,1.0551411,0.0,0.2367777,0.0,0.0,0.05047376,0.71315414,0.91146743,0.0,0.73021454,0.0,0.0,0.5979233,0.0,0.91422236,0.06059136,0.3473442,0.0,0.0,0.5999617,0.0,0.0,0.085500546,0.0,0.027000472,0.0,0.0,0.0,1.0164418,0.48283452,0.66659063,0.0,0.5349405,0.0,0.0,0.7338034,0.0,0.0,0.0,0.0,0.32706505,0.9358946,0.0,0.49955618,0.0,0.9519912,0.09915332,0.0,0.81939834,0.0,0.0,0.0,0.64218163,0.0,0.0,0.0,0.0,0.0,0.28894496,0.0,0.77642226,0.49702466,0.0,1.0840489,0.57901824,0.83219546,0.49508378,0.09574534,0.0,0.0,0.0044917,0.0,0.0,0.0,1.0112964,0.0,0.8780412,0.0,0.0,0.013272954,0.0,0.0,0.9178598,0.0,0.9301969,0.49232227,0.0,0.0,0.985764,0.0,0.0,0.0,0.0,0.0,0.07492036,0.0,0.6428463,0.54022753,0.0,0.0,0.0,</b>
1,<b>,0.0,0.0,0.0,0.0,0.0,0.0,0.7618018,0.0,0.7072412,0.0,0.0,0.0,0.52799034,0.0,0.0,0.2702955,0.0,0.0,0.0,0.4138898,0.0,0.11402861,0.79405344,0.0,0.0,0.74891406,0.3556191,0.0,0.0,0.0,0.46383256,0.3194345,0.0,0.76860243,0.0,0.0,0.52667695,0.53680754,0.0,0.0,0.6754778,0.75162077,0.0,0.0,0.0,0.0,0.7891354,0.0,1.0096453,0.0,0.2851925,0.7054545,0.099510826,0.55614275,0.0,0.0,0.0,0.0,0.0,0.70886034,0.0,0.14626081,0.58746713,0.0,0.0,0.0,0.14690307,0.19441015,0.31541958,0.14149378,0.0,0.63230133,0.0,0.8481431,0.590651,0.0,0.0,0.0,0.9560448,0.56021637,0.63666576,0.53861266,0.45643213,0.0,0.9016952,0.059321478,0.0,0.2397868,0.0,0.65168065,0.0,0.35307527,0.45407048,0.40239194,0.0,0.0,0.01855689,0.0,0.17024036,0.5169746,0.57141364,0.6434285,0.05759865,0.26580426,0.0,0.0,0.6943063,0.0,0.55206436,0.47903824,0.0,0.0,0.2765849,0.0,0.0,0.0,0.0,0.37460628,0.0,0.0,0.4349948,0.5974219,0.0,0.0,0.7160309,0.0,0.39167708,0.3973611,0.2677727,0.0,0.951694,0.06984121,0.030506374,0.6437065,0.0,0.0,0.6754996,0.24382104,0.0,0.86133814,0.0,0.56741714,0.56536573,0.5934496,0.0,0.0,0.0,0.0,0.41317827,0.56213653,0.0,0.9202302,0.93294376,0.0,0.8559196,1.0028268,0.0,0.30989918,0.15031861,0.705654,0.0,0.0,0.0,0.2966804,0.0,0.0,0.39157218,0.0,0.96077967,0.0,0.24863482,0.26927948,0.5325429,0.0,0.63036275,0.0,0.0,0.0,0.0,0.0,0.0,0.0,0.67209053,0.0,0.62260085,0.0,0.3984352,0.60893625,0.0,0.0,0.0,0.0,0.0,0.0,0.74048656,0.0,0.0,0.0,0.0,0.0,0.0,0.0,0.0,0.0,0.0,0.0,0.0,0.30674076,0.03130699,0.0,0.0,0.5704558,0.26161107,0.52038354,0.0,0.0,0.3280983,0.5727752,0.67926204,0.49049073,0.0,0.0,0.0,0.0,0.038305417,0.25960127,0.0,0.50418127,0.0,0.0,1.08569,0.0,0.0,0.5575938,0.627284,0.0,0.0,0.836668,0.5288302,0.0,0.0,0.0,0.0,0.0,0.43862987,0.12522766,0.0,0.08060183,0.9671992,0.80598724,0.0,0.18494634,0.62683976,0.0,0.50859636,0.5834417,0.058150947,0.0,0.0,0.9958939,0.0,0.0,0.5117612,0.08358198,0.3287885,0.0,0.506335,0.64786595,0.2131065,0.4281323,0.0,0.6318634,0.93981487,0.0,0.20577303,0.6491457,0.0,0.0,0.0,0.0,0.0,0.039660066,0.0,0.33740297,0.048745595,0.71674603,0.0,0.0,0.0,0.0,0.0,0.66571575,0.0,0.0,0.0,0.0,0.0,0.0,0.0,0.0,0.0,0.3331855,0.0,0.21138272,0.0,0.6598694,0.0,0.0,0.0,0.33042592,0.6544844,0.0,0.0,0.0,0.0,0.0,0.23561361,0.0,0.67111933,0.9683856,0.43327868,0.0,0.50440854,0.83902687,0.0,0.1130953,0.0,0.0,0.0,0.0,0.7596647,0.0,0.0,0.0,0.0,0.034671195,0.4552284,0.7115629,0.0,0.7577574,0.48599717,0.2101369,0.10100112,0.039595857,0.0,0.0,0.35665062,0.11633058,0.35853666,0.020014485,0.09952911,0.0,0.0,0.0,0.0,0.5049317,0.9083576,0.0,0.0,0.0,0.0,0.0,0.0,0.0,0.736771,0.0,0.38395658,0.0,0.17510726,0.0,0.0,0.0,0.0,0.0,0.022821821,0.0,0.0,0.0,1.0003158,0.0,0.0,0.0,0.22782466,0.0,0.0,0.7605507,0.83518404,0.0,0.0,0.22961706,0.0969362,0.0,0.57938844,0.6455915,0.0,0.0,0.0,0.0,0.0,0.44188255,0.0,0.0,0.0,0.0,0.0,0.0,0.0,0.70892423,0.44496277,0.46356046,0.0,1.0643144,0.8937046,0.61256844,0.0,0.0,0.0,0.42713964,1.0806179,0.0,0.45974088,0.0,0.0,0.43911505,0.0,0.49012166,0.23349532,0.0,0.0,0.3698883,0.49450585,0.0,0.0,0.7789803,0.0,0.6587869,0.0,0.0,0.0,0.25786445,0.025672235,0.0,0.0,0.0,0.0,0.0,0.9623881,0.23363537,0.0,0.0,0.0,0.73340136,0.66216975,0.0,0.09132578,0.0014438629,0.0,0.25109446,0.13226728,0.72050554,0.0,0.0,0.0,0.8145799,0.0,0.0,0.0,0.0,0.0,0.0026201857,0.0,0.76924825,0.7123118,0.0,0.80858564,0.52222353,0.6399751,0.79077303,0.0,0.0,0.0,0.18098575,0.0,0.0,0.0,0.52694327,0.0,0.7521415,0.0,0.0,0.0,0.0,0.0,0.8001004,0.0,0.46663138,0.5327416,0.34169388,0.0,0.81474006,0.0,0.0,0.0,0.0,0.0,0.89161223,0.0,0.0,0.6265647,0.0,0.0,0.0,</b>
1,<b>,0.0,0.0,0.0,0.0,0.0,0.0,0.77850205,0.029221667,0.5437387,0.0,0.3681265,0.0,0.5552358,0.0,0.0,0.81389344,0.0,0.0,0.0,0.59693223,0.0,0.54357135,0.92348087,0.0,0.0,0.8902133,0.30079332,0.0,0.0,0.0,0.41859916,0.6096424,0.0,0.65232694,0.0,0.0,0.4731714,0.52485126,0.0,0.0,0.7823341,0.7250527,0.0,0.0,0.0,0.0,0.5208486,0.09013186,0.7420572,0.0,0.0,0.64533746,0.47658366,0.84849834,0.0,0.0,0.14079714,0.0,0.0,0.7452498,0.0,0.5942278,0.7017763,0.0,0.0,0.0,0.22245045,0.046814047,0.37747273,0.47088414,0.0,0.8121504,0.0,0.7099467,0.8937661,0.0,0.0,0.0,0.774335,0.2726128,0.8300436,0.43786865,0.4742115,0.0,0.59374785,0.0,0.026142027,0.0,0.0,0.45601496,0.0,0.40146202,0.70062274,0.2662825,0.0,0.0,0.03833092,0.0,0.13968343,0.7244257,0.515524,0.75274783,0.0,0.5660846,0.0,0.0,0.718216,0.0,0.72037673,0.63137347,0.0,0.0,0.40736496,0.0,0.0,0.0,0.0,0.07067366,0.0,0.0,0.31086412,0.8457946,0.0,0.0,0.21472807,0.0,0.45663667,0.50364405,0.37080604,0.0,0.8281826,0.0,0.0,0.7029216,0.0,0.0,0.5314668,0.54919,0.0,1.1442591,0.0,0.5057081,0.5451365,0.77699333,0.11433241,0.0,0.0,0.0,0.43166766,0.36412665,0.0,0.8906838,0.9196731,0.0,0.81670755,0.8191231,0.0,0.53558517,0.5943405,0.6499255,0.0,0.0,0.0,0.66026336,0.0,0.0,0.084825285,0.0,1.0095165,0.14005128,0.29979056,0.47050825,0.2639131,0.0,0.8616077,0.22806317,0.0,0.0,0.0,0.05301498,0.0,0.0,0.9777688,0.0,0.67197907,0.0,0.36177534,0.7169675,0.29022107,0.0,0.0,0.0,0.0,0.0,0.4391546,0.0,0.0,0.0,0.0,0.0,0.0,0.0,0.0,0.0,0.0,0.0,0.0,0.2287549,0.0,0.0,0.0,0.70968443,0.21227683,0.60457534,0.0,0.0,0.16370836,0.6638701,0.48803285,0.67642856,0.0,0.0,0.0,0.0,0.08561009,0.7451882,0.0,0.37702733,0.0,0.0,0.7784196,0.0,0.0,0.67692214,0.5319323,0.0,0.0,0.6911372,0.73765635,0.0,0.0,0.0,0.0,0.0,0.5158758,0.0316046,0.0,0.45221946,0.91026205,0.8906986,0.0,0.52111906,0.69479823,0.0,0.36380947,0.65602183,0.3990054,0.0,0.0,0.6705277,0.0,0.0,0.7039042,0.24451834,0.39191845,0.42237857,0.5099342,0.5673908,0.41149014,0.6071962,0.0,0.6637024,0.91244704,0.0,0.51899916,0.7454923,0.0,0.0,0.0,0.0,0.0,0.23214617,0.0,0.38016307,0.0,0.9696673,0.0,0.0,0.0,0.0,0.1593614,0.77136034,0.0,0.0,0.0,0.0,0.0,0.0,0.0,0.0,0.004820237,0.56151193,0.0,0.16036758,0.0,0.41955006,0.0,0.0,0.0,0.35445878,0.55684286,0.0,0.0,0.0,0.0,0.16632505,0.0379664,0.0,0.4665308,0.9812721,0.53575766,0.0,0.66354114,1.0503721,0.0,0.40825024,0.0,0.0,0.0,0.0,0.8489634,0.0,0.0,0.025937367,0.0,0.0,0.53791636,0.5045715,0.03452339,0.6966537,0.48194808,0.21911022,0.39443275,0.5690256,0.0,0.0,0.6622997,0.35655698,0.47205517,0.37100732,0.0,0.0,0.0,0.0,0.0023129033,0.57991666,0.5322013,0.0,0.0,0.0,0.0,0.09835592,0.0,0.0,0.3874315,0.0,0.4155042,0.0,0.25614956,0.0,0.0,0.0,0.0,0.0,0.0,0.0,0.0,0.0,0.7144569,0.0,0.0,0.0,0.3131275,0.0,0.0,0.8119874,0.57591826,0.0,0.0,0.6074977,0.15265651,0.0,0.9444094,0.53907853,0.0,0.0,0.0,0.0,0.20356564,0.36401024,0.0,0.0,0.0,0.0,0.0,0.09253413,0.0,0.6391609,0.67438376,0.39160204,0.0,0.99895346,0.681321,0.5396253,0.0,0.0,0.0,0.66756797,1.048767,0.0,0.3190708,0.0,0.0,0.39782175,0.0,0.44845986,0.14628983,0.2218148,0.0,0.027319327,0.69475055,0.0,0.0,0.79009473,0.0,0.77406925,0.0,0.0,0.0,0.57272726,0.10825517,0.0,0.0,0.21379134,0.0,0.0,1.0575948,0.30933833,0.0,0.0,0.0,0.59895736,0.6521164,0.0,0.5342522,0.0,0.30909413,0.0,0.10974925,0.78978574,0.0,0.0,0.0,0.7365968,0.0,0.0,0.0,0.0,0.0,0.06126107,0.0,0.6492058,0.90148515,0.0,0.75045204,0.84113175,0.724759,0.7746992,0.0,0.0,0.0,0.0,0.0,0.0,0.0,0.47614834,0.0,0.84997493,0.0,0.0,0.0,0.0,0.0,0.76198715,0.0,0.6790265,0.6792164,0.009287231,0.0,0.8045354,0.0,0.0,0.009907917,0.0,0.00292521,0.5929249,0.0,0.0,0.38174468,0.0,0.0,0.0,</b>
1,<b>,0.0,0.0,0.0,0.0,0.0,0.0,0.94591296,0.4831195,0.51679426,0.32861033,0.3892805,0.0,0.7365079,0.0,0.0,1.0765035,0.0,0.0,0.29963633,0.96807855,0.0,0.29085788,0.99759054,0.065312445,0.0,0.79173034,1.017623,0.0,0.0,0.0,0.71411353,0.8832186,0.0,0.9344179,0.0,0.00431005,1.0139935,0.82448435,0.0,0.0,0.95186347,0.47917107,0.0,0.0,0.0,0.02747718,0.66523063,0.5071021,0.06425437,0.0,0.0,0.7728845,0.85624474,0.95542026,0.0,0.0,0.0,0.0,0.0,0.55263007,0.0,0.7739135,1.1606814,0.0,0.0,0.0,0.0,0.41687238,0.7255761,0.47621307,0.0,0.97649705,0.0,0.5944845,0.8598671,0.0,0.0,0.0,0.8864554,0.0,0.6075868,0.74213,0.5447204,0.0,0.5351951,0.0041139293,0.0,0.66562337,0.0,1.0636836,0.03748169,0.558121,1.2563902,0.3564009,0.0,0.010774639,0.041822754,0.0,0.8434033,0.8884172,0.41105905,0.79369277,0.0,0.9479462,0.0,0.0,0.7552983,0.0,0.82070076,0.75558704,0.0,0.0,0.73608184,0.0,0.0,0.0,0.0,0.1430658,0.0,0.0,0.28408742,0.5766869,0.0,0.0,0.13112241,0.0,0.80278015,0.25726172,0.4629724,0.0,0.6327377,0.0,0.0,0.8399063,0.0,0.0,0.946912,0.8734369,0.0,1.0437839,0.0,0.4734587,0.7166663,0.34151646,0.0,0.0,0.0,0.0,0.84598494,0.6013814,0.124104515,0.88035136,1.0680553,0.3563184,0.43649122,0.9266562,0.0,0.4836328,0.75846463,1.0371336,0.0,0.0,0.0,0.4762069,0.0,0.0,0.0,0.0,1.085395,0.0,0.51190597,0.72786564,0.34755567,0.0,0.9585859,0.89296865,0.0,0.0,0.0,0.0,0.0,0.0072232205,0.9979975,0.0,0.9703016,0.0,0.030743528,0.6368435,0.63513494,0.0,0.0,0.0,0.0,0.0,0.53294677,0.0,0.0,0.0,0.0,0.15428987,0.0,0.0,0.0,0.0,0.29162154,0.0,0.0,0.25856075,0.0,0.0,0.0,0.84308517,0.4063952,1.0301191,0.0,0.0,0.967216,0.78118736,0.73573214,0.27481976,0.0,0.0,0.0,0.0,0.70121914,0.50271595,0.0,0.015469109,0.0,0.0,0.6102207,0.0,0.26790068,0.71925664,0.03892575,0.0,0.0,0.7333311,0.34629527,0.0,0.0,0.0,0.0,0.0,0.7239394,0.0,0.0,0.8156798,0.6065259,0.8002679,0.0,0.8365288,0.83062696,0.0,0.49870607,0.65788853,0.20001192,0.0,0.21871078,0.38810158,0.021301193,0.0,0.19208291,0.59745246,1.1090579,0.7455463,0.19860381,0.9697207,0.817362,0.5934589,0.0,0.84889126,1.2475997,0.0,0.47661635,1.3905452,0.0,0.0,0.0,0.0,0.0,0.8679187,0.0,0.043699652,0.0,1.0491569,0.0,0.15563351,0.0,0.0,0.5534495,0.5930077,0.0,0.0,0.0,0.0,0.0,0.0,0.0,0.0,0.1523787,0.8241665,0.45918956,0.09767519,0.0,0.3152143,0.0,0.0,0.0,0.83077854,0.33077326,0.0,0.0,0.1939967,0.0,0.0,0.0,0.117653236,0.21479803,0.92744577,0.8726049,0.0,0.9182285,1.0643185,0.0,0.064339176,0.0,0.0012588231,0.0,0.0,0.5735194,0.0,0.0,0.0,0.0,0.0,0.45927015,0.92376417,0.36268944,0.6542052,0.5819073,0.25435495,0.5352347,1.0373019,0.6240031,0.0,0.96601415,0.54855335,0.54448116,0.52918327,0.07315829,0.0,0.0,0.0,0.0,0.37228122,0.7073688,0.0,0.0,0.0,0.0,0.0,0.0,0.0,0.25258312,0.05056633,0.8942239,0.6532215,0.36717096,0.0,0.0,0.0,0.0,0.0,0.0,0.0,0.0,0.0,1.0348747,0.28475535,0.0,0.0,0.37276667,0.0,0.0,0.8400682,0.9147707,0.0,0.0,0.8709092,0.44011188,0.0,1.2097903,0.7896477,0.0,0.0,0.0,0.0,0.76085633,0.64967644,0.0,0.0,0.0,0.0,0.05555636,0.0,0.0,0.79714715,0.25782967,0.82470727,0.0,0.91640234,0.4208338,0.15090895,0.0,0.0,0.0,0.7042219,1.1765856,0.0,0.556305,0.0,0.0,0.22918755,0.0,0.9311578,0.39593557,0.17999297,0.0,0.0,0.9550587,0.0,0.0,0.6016779,0.0,0.44486603,0.0,0.0,0.086721756,0.831492,0.40604678,0.3423992,0.0,0.1600949,0.0,0.0,1.3340167,0.0,0.0,0.0,0.0,0.53032625,1.0391898,0.0,0.79640996,0.0,0.91991955,0.0,0.09838026,0.8306878,0.0,0.0,0.0,1.1822138,0.0,0.0,0.0,0.0,0.0,0.11164624,0.0,1.1362613,0.4790512,0.0,1.0372933,0.78847,0.5239446,0.6628614,0.3028974,0.0,0.0,0.0,0.0,0.0,0.0,0.9991375,0.0,1.1324657,0.0,0.0,0.17317778,0.0,0.0,1.0695899,0.0,0.9117589,0.75745946,0.0,0.0,0.6594814,0.0,0.0,0.0,0.0,0.0,0.35890567,0.0,0.36423007,0.32277936,0.0,0.0,0.0,</b>
1,<b>,0.0,0.0,0.0,0.0,0.0,0.0,0.96868414,0.83885014,0.0,0.74192554,0.9688863,0.0,1.111038,0.0,0.0,0.850118,0.0,0.0,0.24365123,0.8671097,0.0,0.11405942,1.31622,0.0,0.038662773,0.8133983,1.1413147,0.0,0.0,0.0,0.8027237,0.68354,0.0,0.9572505,0.081025675,0.0,1.3449472,1.0502346,0.0,0.0,0.9727258,0.0,0.0,0.0,0.0,0.3648947,0.8021152,0.8579604,0.0,0.0,0.0,0.98151004,0.77437896,0.9339946,0.0,0.01683442,0.0,0.0,0.0,0.8079013,0.10457707,0.33694914,1.3042933,0.0,0.0,0.18500952,0.0,0.34736606,1.1171789,0.44007096,0.0,1.1875134,0.0,0.2842201,0.5033497,0.0,0.0,0.0,0.33819035,0.0,0.0,1.0189959,0.3799019,0.0,0.6065037,0.0,0.0,1.082538,0.0,0.9612023,0.114414364,0.7096892,1.2311019,0.33048728,0.0,0.18992323,0.27138934,0.0,0.8698365,0.20448337,0.2051504,0.7503736,0.0,0.8196879,0.0,0.0,1.0139838,0.0,1.119695,0.35819578,0.0,0.0,0.49859467,0.0,0.0,0.0,0.0,0.0,0.19118738,0.0,0.30821267,0.35360378,0.0,0.0,0.09700902,0.0,0.9588839,0.5010905,0.8505902,0.0,0.21875879,0.0,0.0,0.19366395,0.0,0.0,1.2849993,1.0097033,0.0,0.7852533,0.0,0.17313862,1.1484609,0.034627188,0.0,0.0,0.0,0.0,1.0910182,0.73434955,0.15425003,0.9801597,1.1371199,0.47955033,0.0,0.862822,0.0,0.64200485,1.106247,1.0262672,0.0,0.0,0.0,0.0,0.0,0.0,0.0,0.0,1.1948211,0.0,0.8196329,1.0151085,0.63333863,0.0,0.9627469,1.1171703,0.0,0.0,0.0,0.0,0.0,0.0,0.73521453,0.0,1.0791303,0.0,0.0,0.3665168,0.45353132,0.0,0.0,0.0,0.0,0.0,0.0,0.0,0.0,0.0,0.0,0.6625413,0.0,0.0,0.0,0.0,0.994717,0.0,0.0,0.5266872,0.0,0.0,0.0,0.8691175,0.6522936,0.9063123,0.0,0.0,1.4965141,0.81636304,0.71427745,0.0,0.0,0.0,0.0,0.0,1.2082126,0.062332314,0.0,0.0,0.0,0.0,0.4073904,0.0,0.09582068,0.7686386,0.0,0.0,0.0,0.6761416,0.0,0.0,0.0,0.0,0.0,0.0,1.0243739,0.0,0.0,1.0303338,0.09778761,1.2120275,0.06281932,1.1504909,0.71838665,0.0,0.44695023,0.9199698,0.0,0.0,0.76059127,0.0,0.0,0.0,0.0,0.9033584,0.92515993,0.949423,0.0,0.5379151,1.3668077,0.7511476,0.0,0.23299983,1.0801562,0.046846077,0.7336788,1.3238642,0.0,0.0,0.0,0.0,0.0,1.3333192,0.0,0.4799629,0.0,0.65401894,0.0,0.4452005,0.0,0.0,0.9640464,0.94953567,0.0,0.0,0.0,0.0,0.0,0.0,0.0,0.0,0.24063148,0.79078346,0.76675135,0.0,0.0,0.0,0.0,0.0,0.0,0.97202885,0.053173054,0.0,0.027819823,0.2584101,0.0,0.0,0.0,0.0,0.0,1.1228927,1.1896733,0.0,1.0903919,1.1094081,0.0,0.0,0.05295634,0.0,0.0,0.0,0.9192523,0.0,0.0,0.0,0.11862299,0.0,0.16025318,0.91455793,0.108208895,0.74762535,0.36655664,0.7492146,1.1792762,1.013265,0.7805551,0.0,0.81715816,0.7924861,0.14782125,0.8194884,0.1308292,0.0,0.0,0.0,0.0,0.0,1.169226,0.0,0.0,0.0,0.0,0.0,0.026468467,0.05602856,0.0,0.0,0.9912257,0.6184949,0.511243,0.0,0.0,0.0,0.0,0.0,0.0,0.0,0.0,0.036484614,1.012955,0.33645162,0.0,0.0,0.76034945,0.0,0.0,0.96414363,0.90792507,0.0,0.0,0.63355327,0.40392336,0.0,1.6580894,1.2708769,0.0,0.0,0.0,0.0,1.0538186,0.87214875,0.0,0.0,0.7574539,0.0,0.12195904,0.0,0.0,1.080873,0.32734227,0.70655996,0.0,0.7651349,0.0,0.36782786,0.0,0.05734923,0.0,1.0475657,0.9924135,0.0,1.2321408,0.0,0.0,0.24900064,0.0,1.1344746,0.1308993,0.2604987,0.0,0.0,0.5896802,0.0,0.0,0.0,0.19746889,0.0,0.0,0.0,0.27412823,0.97778314,0.5992463,0.5731374,0.0,0.8499098,0.0,0.0,1.1441048,0.0,0.0,0.0,0.19612658,0.20227015,0.97301024,0.0,0.9443679,0.20100665,0.9801703,0.0,0.0,0.41204748,0.0,0.0,0.0,1.2040489,0.0,0.0,0.0,0.0,0.0,0.3753482,0.0,0.86422837,0.38577437,0.0,1.1170797,0.68318385,0.54461396,0.06689249,0.6820347,0.0,0.0,0.13908826,0.0,0.0,0.0,1.0283729,0.0,1.1038705,0.0,0.0,0.21342811,0.0,0.0,1.3393283,0.0,0.89523435,0.941119,0.0,0.0,0.7740623,0.0,0.0,0.0,0.01688834,0.0,0.0,0.0,1.0099177,0.1850768,0.025847683,0.0,0.0,</b>
1,<b>,0.0,0.0,0.0,0.0,0.0,0.0,0.9884817,0.80069876,0.0,0.63168985,1.0219773,0.0,0.97739196,0.0,0.0,0.8477311,0.0,0.0,0.14989851,0.84022516,0.0,0.14132357,1.2357316,0.0,0.002955053,0.8055394,1.1752392,0.0,0.0,0.0,0.73347497,0.60659486,0.0,1.0071816,0.0,0.0,1.1656009,1.0271671,0.0,0.0,0.897675,0.0,0.0,0.0,0.0,0.34973425,0.69260645,0.68069786,0.0,0.0,0.0,0.91399324,0.81807774,0.9147538,0.0,0.025740448,0.0,0.0,0.0,0.8281727,0.0854462,0.34469995,1.1927584,0.0,0.0,0.10116349,0.0,0.356581,1.0522403,0.37102443,0.0,0.9623767,0.0,0.41012174,0.4158002,0.0,0.0,0.0,0.40979666,0.0,0.012127905,1.0383518,0.4223438,0.0,0.65264875,0.0,0.0,1.0767577,0.0,0.96968454,0.23959,0.6580487,1.2545984,0.42276788,0.0,0.06520455,0.23033041,0.0,0.8058701,0.22006387,0.15061022,0.7019163,0.0,0.7723762,0.0,0.0,1.0511259,0.0,1.1086885,0.35064417,0.0,0.0,0.5492381,0.0,0.0,0.0,0.0,0.0,0.16998479,0.0,0.27378395,0.3806796,0.0,0.0,0.1063208,0.0,0.94082636,0.5714013,0.90011394,0.0,0.19606197,0.0,0.0,0.2484692,0.0,0.0,1.2117827,1.0974032,0.0,0.61586297,0.0,0.08644521,1.1486598,0.0,0.0,0.0,0.0,0.0,1.1226013,0.77845347,0.0,0.8961624,1.0411382,0.4430158,0.0,0.88852984,0.0,0.6333758,1.1172638,1.0294831,0.0,0.0,0.0,0.0,0.0,0.0,0.0,0.0,1.2515656,0.0,0.6774527,0.9302127,0.6933577,0.0,0.8566547,1.0268217,0.0,0.0,0.0,0.0,0.0,0.0,0.73362875,0.0,0.9803217,0.0,0.0,0.28991103,0.47050828,0.0,0.0,0.0,0.0,0.0,0.022207364,0.0,0.0,0.0,0.0,0.6430509,0.0,0.0,0.0,0.0,0.98075265,0.0,0.0,0.4789359,0.0,0.0,0.0,0.9631549,0.59016377,0.8495824,0.0,0.0,1.3966914,0.7781262,0.67993873,0.0,0.0,0.0,0.0,0.0,1.2055817,0.082759984,0.0,0.0,0.0,0.0,0.47473505,0.0,0.10014565,0.6893604,0.0,0.0,0.0,0.61336595,0.0,0.0029756469,0.0,0.0,0.0,0.0,1.1178113,0.0,0.0,0.94846785,0.0,1.1362036,0.0,1.0112762,0.61514145,0.0,0.60951066,0.9739098,0.0,0.0,0.78816825,0.0,0.037637465,0.0,0.0,0.9021871,0.7658561,0.7620134,0.006231606,0.45428324,1.2899092,0.72211474,0.0,0.29728693,1.0025672,0.0,0.6225066,1.3106524,0.0,0.0,0.0,0.0,0.0,1.2157172,0.0,0.5647842,0.0,0.5747653,0.0,0.52563196,0.0,0.0,0.9070183,0.87611735,0.0,0.0,0.0,0.0,0.0,0.0,0.0,0.0,0.33326447,0.7818852,0.7785064,0.0,0.0,0.0,0.0,0.0,0.0,0.892371,0.0979229,0.0,0.0,0.22154564,0.0,0.0,0.0,0.0,0.04956122,1.1054456,1.0642607,0.0,1.087991,1.004048,0.0,0.0,0.05626368,0.0,0.0,0.0,0.92452335,0.0,0.0,0.0,0.18011925,0.0,0.2915238,0.8591692,0.15292451,0.6512576,0.20467842,0.82371384,1.1128223,1.0697428,0.77954686,0.0,0.7393633,0.7523073,0.10846979,0.72630006,0.15271246,0.0,0.0,0.0,0.0,0.0,1.1780418,0.0,0.0,0.0,0.0,0.0,0.026634451,0.0,0.031157965,0.0,0.9077649,0.55835676,0.48534837,0.0,0.0,0.0,0.0,0.0,0.0,0.0,0.0,0.025188694,0.91570413,0.25319827,0.0,0.0,0.6851809,0.0,0.0,0.92310405,0.8402311,0.034981176,0.0,0.56420165,0.5108529,0.0,1.5755827,1.2550445,0.0,0.0,0.0,0.0,0.9977364,0.90187055,0.0,0.0,0.7504436,0.0,0.1327005,0.0,0.0,1.0837593,0.33954412,0.864691,0.0,0.90374905,0.0,0.34510624,0.0,0.0,0.0,0.966436,1.0046,0.0,1.1100461,0.0,0.0,0.27587414,0.0,1.1163181,0.18323621,0.25729194,0.0,0.0,0.55568427,0.0,0.0,0.0,0.116329804,0.0,0.0,0.0,0.26141387,0.8552157,0.5302379,0.5072983,0.0,0.74391186,0.0,0.0,1.0620396,0.0,0.0,0.0,0.20007059,0.2324788,0.9934172,0.0,0.7958629,0.1508756,0.89104104,0.0,0.0,0.448096,0.0,0.0,0.0,1.0926977,0.0,0.0,0.0,0.0,0.0,0.3889712,0.0,0.8120022,0.34284005,0.0,1.1161535,0.6471549,0.41419458,0.0,0.6035654,0.0,0.0,0.101975895,0.0,0.0,0.0,0.9233947,0.0,1.0132031,0.0,0.0,0.29552224,0.0,0.0,1.2875987,0.0,0.8196194,0.8904552,0.0,0.0,0.7008691,0.0,0.0,0.0,0.0,0.0,0.0,0.0,0.9696806,0.29665226,0.013502778,0.0,0.0,</b>
1,<b>,0.0,0.0,0.0,0.0,0.0,0.0,1.011729,0.33290756,0.7518025,0.0,0.602393,0.17915517,0.674495,0.0,0.0,0.91492796,0.0,0.0,0.3681252,1.3083189,0.0,0.0,1.0908928,0.2128184,0.0,1.3067625,0.32469204,0.087042205,0.5079357,0.0,0.85994,0.66887236,0.0,1.3498906,0.00932385,0.0,0.6577233,0.47281894,0.0,0.0,1.1214345,1.3798655,0.0,0.0,0.19685741,0.18095095,0.26481056,0.0,1.0643115,0.0,0.0,0.93607956,0.69249827,1.0391201,0.0,0.072020575,0.0,0.04075388,0.39504662,1.0368593,0.07579455,1.2768221,1.1452341,0.0,0.0,0.21002643,0.03517133,0.48726112,0.3569133,0.14641748,0.0,0.838331,0.0,1.0977399,1.5604296,0.0,0.0,0.0,0.89383245,0.0,0.82890517,0.6949177,0.21791409,0.0,0.67820776,0.0,0.045899153,0.29288203,0.0,0.25842404,0.0,0.65405965,1.0166034,0.54140884,0.0,0.0,0.1327233,0.0,0.3736603,0.9640384,0.75420886,0.88803387,0.0,0.8133371,0.0,0.0,1.0241882,0.11440138,0.45586333,1.0368643,0.0,0.0,0.5834606,0.0,0.0,0.0,0.10525114,0.19464183,0.0,0.0,0.0,1.0113759,0.0,0.11317662,0.0,0.10245425,0.3903048,0.0,0.44263187,0.0,1.3223081,0.44382375,0.0,1.3131846,0.3047184,0.0,0.2932879,0.46184364,0.0,1.371623,0.0,0.9043736,0.6800843,0.81909436,0.40010422,0.0,0.0,0.0,0.5104103,0.67132026,0.0739698,1.5706168,1.5202981,0.0,1.6353569,1.383257,0.0,0.5311343,0.0,1.3263047,0.0,0.0,0.0,1.1711961,0.009629559,0.0,0.3959889,0.0,1.1642292,0.029191483,0.39448094,0.2155184,0.3388135,0.0,0.8370094,0.0,0.0,0.0,0.0,0.0,0.28412694,0.32235184,1.1741089,0.0,0.594198,0.0,0.91113955,0.86008847,0.3933665,0.0,0.0,0.0,0.0,0.16075331,0.36238742,0.0,0.0,0.061650403,0.0,0.0,0.0,0.0,0.0,0.0,0.0,0.06815766,0.0,0.0,0.0,0.0,0.0,1.4811709,0.29757914,1.0997894,0.002252628,0.0,0.6930405,1.3749244,0.98505473,1.4947584,0.0,0.0,0.0,0.0,0.0,0.22236441,0.0,0.0,0.0,0.11044469,1.2565774,0.0,0.0,0.6223758,0.5342549,0.13718456,0.0,1.274492,0.8333431,0.0,0.0,0.13603802,0.0,0.0,0.2560085,0.0,0.0,0.3247779,0.7589449,1.0930178,0.0,0.33997414,0.61833674,0.2689757,0.073426574,1.4610659,0.033684425,0.0,0.0,0.8816697,0.0,0.0,1.0406535,0.6501037,1.0723206,0.022390062,0.70161223,0.9854602,0.66558856,1.1353874,0.15169057,1.0708988,1.4408838,0.0017936868,0.41364616,1.0583888,0.0,0.0,0.0,0.0,0.2258935,0.0,0.0,0.07734059,0.13306451,1.4464102,0.0,0.0,0.0,0.0,0.0,0.3957997,0.0,0.031748988,0.0,0.0,0.0,0.0,0.030158527,0.0,0.0,1.2227772,0.26573634,0.059791867,0.0,0.7532121,0.22927316,0.0,0.0,0.0,0.30553326,0.11671156,0.0,0.51045245,0.0,0.124752216,0.2481624,0.0,1.3574721,1.3473791,0.24959436,0.0,0.92327636,1.2469373,0.0,0.4872691,0.0,0.2649858,0.10496015,0.0,0.64534354,0.0,0.0,0.0,0.0,0.15597133,0.48337966,1.3917565,0.0,0.706238,0.8696741,0.0063603674,0.14310747,0.6471897,0.0,0.0,0.6934011,0.36772504,1.0265903,0.0,0.0,0.1486361,0.0,0.0,0.0238995,0.7248803,0.60625386,0.0,0.0,0.0,0.0,0.25037476,0.0,0.0,1.3805614,0.004816265,0.0930749,0.0,0.5138017,0.0,0.0,0.055542357,0.112592585,0.0,0.07196555,0.0,0.0,0.0054308493,1.2684289,0.0,0.0,0.19707888,0.71016866,0.0,0.0,0.92915773,1.2850614,0.23357663,0.0,0.88924176,0.28457874,0.0,1.4376515,0.6621138,0.0,0.0,0.0,0.0,0.0,0.3437869,0.0,0.0,0.0,0.0,0.09771588,0.08358242,0.0,1.6429794,0.27021188,0.14859155,0.0,1.1401647,1.1379404,0.06292317,0.0,0.03291164,0.0,0.78373474,1.3844476,0.0,0.69320196,0.11729666,0.075036734,1.1753215,0.0,0.8429611,0.21247965,0.0,0.0,0.0,0.8579008,0.0,0.0,1.5032636,0.36016366,0.9886964,0.0,0.0,0.011409584,1.1122276,0.0,0.0,0.0,0.0,0.0,0.0,1.9337548,0.0,0.0,0.0,0.0,1.104821,0.7000039,0.22697237,0.47854686,0.2954002,0.22203748,0.0,0.46476728,1.1951396,0.0,0.0,0.0,1.3081379,0.0,0.0,0.0,0.032843422,0.0,0.24332862,0.0,0.79827905,1.0553298,0.25917852,0.35633838,1.3278552,0.25067198,1.0279849,0.0,0.03358109,0.0,0.0,0.0,0.0,0.0,0.7702718,0.0,1.2986157,0.0,0.0,0.13448954,0.0,0.0,1.3509915,0.0,0.8758484,0.49272776,0.0,0.0,0.59734124,0.0,0.0,0.28690347,0.1303611,0.1454252,1.3636736,0.0,0.0,0.6917523,0.3582568,0.0,0.0,</b>
1,<b>,0.0,0.0,0.0,0.0,0.0,0.0,1.0161557,0.7309067,0.0,0.48333263,0.6281388,0.0,0.8927514,0.0,0.0,0.826267,0.0,0.0,0.29474202,0.91418046,0.0,0.0,1.3228955,0.0,0.0879039,0.9864021,0.9821761,0.0,0.0,0.0,0.8961155,0.67559594,0.0,1.2152551,0.07797964,0.07091207,1.2388825,0.97987163,0.0,0.0,0.9185652,0.0,0.0,0.0,0.0,0.35197234,0.7340103,0.6751306,0.0,0.0,0.0,0.9549185,0.82012844,0.8088005,0.0,0.042907003,0.0,0.0,0.0,0.7564152,0.095581174,0.09104364,1.2008356,0.0,0.0,0.0,0.0,0.19334882,1.0858977,0.65913296,0.0,1.1196641,0.0,0.22207297,0.5855535,0.0,0.0,0.0,0.33445022,0.0,0.046508297,1.2330399,0.5029901,0.0,0.48291075,0.10984,0.0,0.92996895,0.0,0.9094063,0.108958915,0.7114065,1.2025479,0.51684296,0.0,0.24629128,0.2830339,0.0,0.8876632,0.23943765,0.2035952,0.9317111,0.0,0.88406295,0.0,0.0,1.0229118,0.0,0.91575706,0.5952783,0.0,0.0,0.55145305,0.0,0.0,0.0,0.0,0.053907674,0.11793993,0.0,0.33092847,0.45030975,0.0,0.057186116,0.0,0.0,0.9181083,0.47221357,0.84806025,0.0,0.30092868,0.0,0.0,0.28900793,0.0,0.0,1.057751,1.1171645,0.0,0.6219298,0.0,0.24261774,0.87189895,0.051104996,0.0,0.0,0.0,0.0,1.099619,0.8740131,0.17346922,0.8461253,1.0437665,0.28437918,0.0,1.0473284,0.0,0.63567257,1.3803817,1.0037262,0.0,0.0,0.0,0.0,0.034382153,0.0,0.0,0.0,1.0826151,0.0,0.8356227,0.9495367,0.8015929,0.0,0.8471393,1.2416505,0.0,0.0,0.0,0.0,0.0,0.0,0.7284812,0.0,1.0642508,0.0,0.0,0.622566,0.49047852,0.0,0.0,0.0,0.0,0.0,0.20336358,0.0,0.0,0.0,0.0,0.40543562,0.0,0.0,0.0,0.0,0.8784931,0.0,0.0,0.35104302,0.0,0.0,0.0,0.6656875,0.37002406,0.9229119,0.0,0.0,1.3198276,1.0938098,0.6354021,0.0,0.0,0.0,0.0,0.0,1.1452113,0.0,0.0,0.0,0.0,0.0,0.31351262,0.0,0.26235905,0.9266049,0.0,0.0,0.0,0.7172897,0.017453138,0.0,0.0,0.0,0.0,0.0,1.0153141,0.0,0.0,0.9571276,0.23101565,0.9624936,0.18732862,0.9477069,0.5079302,0.0,0.40619278,0.72975886,0.013054317,0.0,0.5962725,0.0,0.06038425,0.0,0.0,0.78109294,0.9133354,1.1691803,0.0,0.44000536,1.0103207,0.6095353,0.0,0.31761497,1.0873137,0.102696225,0.47630703,1.4269532,0.0,0.0,0.0,0.0,0.0,1.2565551,0.0,0.29294568,0.0,0.8761229,0.0,0.25215024,0.0,0.0,0.84920585,0.8205432,0.0,0.0,0.0,0.0,0.0,0.0,0.0,0.0,0.35345078,0.6183194,0.69471544,0.0,0.0,0.0,0.0,0.0,0.0,1.0082074,0.10740288,0.0,0.0,0.26342422,0.0,0.03575254,0.0,0.0,0.09348236,0.89751047,1.0123605,0.0,0.983361,1.3281968,0.0,0.0,0.0,0.01549468,0.0,0.0,0.85966057,0.0,0.0,0.0,0.22661862,0.0,0.12400529,0.94605273,0.0,0.8529953,0.52840996,0.56381553,1.0503259,1.2274351,0.6837376,0.0,0.80164,0.7186411,0.29207346,0.81405914,0.23435093,0.0,0.0,0.0,0.0,0.0,0.954793,0.0,0.0,0.0,0.0,0.0,0.04116083,0.188468,0.0,0.0,0.76473814,0.34497094,0.51363754,0.0,0.02513269,0.045800727,0.0,0.0,0.0,0.0,0.0,0.19680703,1.0995424,0.43914673,0.0,0.0,0.77906466,0.0,0.0,0.84096974,0.938083,0.0,0.0,0.85248154,0.5590612,0.0,1.3579544,1.1721277,0.0,0.0,0.0,0.0,1.0040493,0.84619915,0.0,0.0,0.7872699,0.0,0.15744199,0.0,0.0,1.1320466,0.48467356,0.70658,0.0,0.7984008,0.065967724,0.3420672,0.0,0.027517896,0.062773496,1.0539992,0.91866165,0.0,1.0361608,0.0,0.0,0.046370924,0.0,1.2074468,0.0,0.10197814,0.0,0.0,0.56976,0.0,0.0,0.03951102,0.19157605,0.28431723,0.0,0.0,0.216003,0.82151866,0.41953337,0.6503215,0.0,0.78775924,0.0,0.0,1.1458203,0.0,0.0,0.0,0.21615179,0.23399132,0.7715274,0.0,0.97857,0.35579485,1.0130888,0.0,0.16858737,0.68142855,0.0,0.0,0.0,0.9846772,0.11501731,0.0,0.0,0.0,0.0,0.5843167,0.09462173,0.9655001,0.43117988,0.0,1.0904115,0.621251,0.6295147,0.38306662,0.91942245,0.23826346,0.0,0.06796228,0.0,0.0,0.0,1.0371075,0.0,1.2278455,0.0,0.0,0.3187228,0.0,0.0,1.1491272,0.0,0.7837755,1.1711841,0.0,0.0,0.63027143,0.0,0.0,0.0,0.0,0.0,0.0,0.0,1.1901162,0.015880374,0.0,0.0,0.0,</b>
1,<b>,0.0,0.0,0.0,0.0,0.0,0.0,1.0431427,1.1075677,0.0,0.32981548,0.7608307,0.0,0.90070117,0.0,0.0,1.0519181,0.0,0.0,0.26983815,1.2142382,0.0,0.2962911,1.279064,0.0,0.020451201,1.1423038,1.0083072,0.0,0.0,0.0,1.1177311,0.5322712,0.0,1.0257003,0.0,0.0,1.4036208,0.77297,0.0,0.0,1.0032883,0.06104824,0.0,0.0,0.0,0.2495761,0.88162726,0.1692918,0.34906915,0.0,0.0,1.2511518,0.8028185,1.1332728,0.0,0.0,0.32472414,0.0,0.0,0.891699,0.0,0.33799824,1.3517035,0.0,0.0,0.0,0.21578959,0.12435865,1.2353142,0.74853307,0.0,1.3044058,0.0,0.7896325,0.7432215,0.0,0.0,0.0,1.0127805,0.0,0.44103876,1.4600163,0.68112355,0.0,0.71931297,0.0,0.0,1.0129473,0.0,1.3442494,0.15334468,0.72186863,1.3696593,1.0211393,0.0,0.0,0.6869026,0.0,0.7321797,0.48741987,0.7527479,0.7419166,0.0,0.9038459,0.0,0.0,1.4571857,0.0,1.079074,0.71559364,0.0,0.0,0.8628166,0.0,0.0,0.0,0.0,0.0049656807,0.0,0.0,0.8341693,0.7110227,0.0,0.0,0.19160002,0.0,1.1965841,0.7587809,0.89821064,0.0,0.75399905,0.0,0.0,0.86180806,0.0,0.0,1.1246032,0.97726345,0.0,0.8908594,0.0,0.0,1.2201,0.29905337,0.0,0.0,0.0,0.0,1.1464566,1.0646799,0.0,1.5551071,0.88005227,0.384409,0.0,1.2912171,0.0,0.8823702,0.8935132,1.1614335,0.0,0.0,0.0,0.19611765,0.0,0.0,0.0,0.0,1.6941907,0.0,0.8212417,1.3881457,0.7764041,0.0,1.0065929,1.0929554,0.0,0.0,0.0,0.0,0.0,0.0,0.7275485,0.0,1.3806776,0.0,0.40355992,0.632771,0.59465885,0.0,0.0,0.0,0.0,0.0,0.5182096,0.0,0.0,0.0,0.0,0.0,0.0,0.0,0.0,0.0,0.89241123,0.0,0.0,0.74104136,0.0,0.0,0.0,0.82327056,0.59009284,1.0141876,0.0,0.0,1.0554075,1.4964705,0.49324423,0.0943225,0.0,0.0,0.0,0.0,1.2986428,0.36687696,0.0,0.027987117,0.0,0.0,0.8810265,0.0,0.28770983,0.96921015,0.07797901,0.0,0.0,0.57516974,0.61743176,0.24310662,0.0,0.0,0.0,0.0,1.2868568,0.0,0.0,0.8886678,0.2769303,1.0158497,0.0,1.2597907,0.89427733,0.0,1.0126051,0.9435285,0.037568696,0.0,0.14063747,0.0,0.0,0.0,0.0,0.8321544,0.49622056,0.8824527,0.043765463,0.7440596,1.1792034,1.0053583,0.0,0.339167,1.0341034,0.0,0.5169859,1.7301242,0.0,0.0,0.0,0.0,0.0,0.88129985,0.0,0.8327022,0.0,0.9733104,0.0,0.30628216,0.0,0.0,0.91657877,0.9803569,0.0,0.0,0.0,0.0,0.0,0.0,0.0,0.0,0.34495023,1.0278423,0.6748799,0.5026975,0.0,0.5328432,0.0,0.0,0.0,1.0289073,0.29878142,0.0,0.0,0.18573529,0.0,0.0,0.0,0.0,0.26951572,0.97492135,1.1562586,0.0,0.9947088,0.98511636,0.0,0.0,0.0,0.0,0.0,0.0,1.191123,0.0,0.0,0.0,0.013736419,0.0,0.56503314,1.041211,0.1098142,0.59676975,0.4792229,0.4368694,0.95370823,1.3234805,0.7290287,0.0,1.1678711,0.6654345,0.0,0.6729114,0.04476417,0.0,0.0,0.0,0.0,0.0,0.9865084,0.0,0.0,0.0,0.0,0.0,0.0,0.0,0.3415299,0.0,0.9168273,0.3680084,0.6451123,0.0,0.0,0.0,0.0,0.0,0.0,0.0,0.1706937,0.0,1.084084,0.5035777,0.0,0.0,0.9440866,0.0,0.0,1.168221,1.0423974,0.22449876,0.0,0.83515084,0.7132629,0.0,1.5420773,1.509485,0.0,0.0,0.0,0.0,0.83282447,0.8852959,0.0,0.0,0.47262096,0.0063585155,0.0,0.0,0.0,1.1675985,0.85314167,0.89507115,0.0,1.5350866,0.16478088,0.34460458,0.0,0.0,0.1450304,1.0665255,1.3585238,0.0,1.0018002,0.0,0.0,0.70796055,0.0,1.2916338,0.49091348,0.39189473,0.0,0.0,0.860616,0.0,0.0,0.15366587,0.0,0.09494152,0.0,0.0,0.0,1.3619316,0.41189456,0.688894,0.0,0.5401405,0.0,0.0,1.05976,0.0,0.0,0.0,0.0,0.4059372,1.1831673,0.0,0.71000266,0.0,1.5007443,0.30112976,0.19294767,1.0577661,0.0,0.0,0.0,0.90463185,0.0,0.0,0.0,0.0,0.0,0.31597683,0.0,1.0051768,0.5183239,0.0040466087,1.4286401,0.84442896,0.9431756,0.6986531,0.22261919,0.0,0.0,0.0,0.0,0.0,0.0,1.3708128,0.0,1.5630437,0.0,0.0,0.18235081,0.0,0.0,1.3902082,0.0,1.168709,0.8154304,0.0,0.0,0.9192077,0.0,0.0,0.0,0.0,0.0,0.27978832,0.0,1.212302,0.7655615,0.0,0.0,0.0,</b>
1,<b>,0.0,0.0,0.0,0.0,0.0,0.0,1.2182275,0.2870396,0.5415016,0.063046046,0.0649,0.0,0.6730781,0.0,0.0,0.69908553,0.0,0.0,0.019444443,0.82646984,0.0,0.17668402,0.91736233,0.0222327,0.0,1.1025375,0.60408837,0.0,0.0,0.0,0.7718444,0.4273329,0.0,0.583241,0.0,0.0,0.78795964,0.51776433,0.0,0.0,0.9541782,0.8598176,0.0,0.0,0.0,0.00055869506,0.8483274,0.16920477,0.85554755,0.0,0.0,1.0178704,0.5655948,0.8370867,0.0,0.0,0.009633324,0.0,0.0,0.9157886,0.0,0.44415933,0.73153895,0.0,0.0,0.0,0.22067054,0.0018301811,0.47226375,0.6271627,0.0,0.8839848,0.0,0.77042156,1.2007473,0.0,0.0,0.0,0.96882546,0.18179342,0.6614267,0.806331,0.6009127,0.0,0.7137532,0.04485192,0.15372106,0.373743,0.0,0.80392003,0.0,0.6013352,0.889457,0.6893813,0.0,0.0,0.098253444,0.0,0.199922,0.7319713,0.48623183,0.7563874,0.0,0.8749468,0.0,0.0,0.79780585,0.0,0.65742224,0.84232074,0.0,0.0,0.33313644,0.0,0.0,0.0,0.0,0.24179198,0.0,0.0,0.3466048,0.64502317,0.0,0.0,0.3886135,0.0,0.69594586,0.82979786,0.48226178,0.0,0.9145409,0.0,0.0,1.0679185,0.0,0.0,0.69371474,0.2513804,0.0,1.0683445,0.0,0.2993985,0.4278753,0.5450286,0.105056785,0.0,0.0,0.0,0.22309904,0.6711846,0.005970653,0.9439525,0.91368264,0.0,0.7520448,0.96709245,0.0,0.4352455,0.43889284,0.84770536,0.0,0.0,0.0,0.7445558,0.0,0.0,0.30677995,0.0,1.254073,0.0,0.73385894,0.695181,0.41057467,0.0,0.9885189,0.3538671,0.0,0.0,0.0,0.0,0.0,0.0,0.9564584,0.0,0.664313,0.0,0.40664923,1.0332297,0.5276963,0.0,0.0,0.0,0.0,0.0,0.49613443,0.0,0.0,0.0,0.0,0.0,0.0,0.0,0.0,0.0,0.0,0.0,0.0,0.3890592,0.0,0.0,0.0,0.6689204,0.3587942,0.8047411,0.0,0.0,0.22756234,0.44374895,0.574521,0.7807806,0.0,0.0,0.0,0.0,0.11571291,0.5257286,0.0,0.29246587,0.0,0.0,0.9597374,0.0,0.0,0.7710715,0.6227446,0.0,0.0,0.73030114,0.76726764,0.09999613,0.0,0.0,0.0,0.0,0.4311459,0.0,0.0,0.4182102,1.1010517,0.99647504,0.0,0.5367118,0.7748987,0.0,0.66264766,0.80107766,0.554277,0.0,0.0,0.9321694,0.0,0.0,0.76213783,0.18119171,0.24722557,0.24609439,0.42494076,0.72596776,0.43826315,0.6411997,0.0,0.79012406,0.9209477,0.0,0.31493536,1.1409136,0.0,0.0,0.0,0.0,0.0,0.27390632,0.0,0.17350899,0.0,1.2269297,0.0,0.0,0.0,0.033412367,0.3435665,0.7265612,0.0,0.0,0.0,0.0,0.0,0.015978616,0.0,0.0,0.2897038,0.89651114,0.057989944,0.12886864,0.0,0.6640801,0.0,0.0,0.0,0.46815628,0.6699942,0.0,0.0,0.0,0.0,0.0,0.042110268,0.0,0.48682404,0.9973269,0.80220807,0.0,0.609273,0.8803026,0.0,0.14313836,0.0,0.0,0.0,0.0,0.90156,0.0,0.0,0.0,0.0,0.0,0.5283015,0.31608728,0.05478708,0.79797846,0.44242734,0.29224262,0.26428965,0.5393377,0.0,0.0,1.2386698,0.3779056,0.17906258,0.33645272,0.0,0.0,0.0,0.0,0.34361577,0.63767225,0.6051259,0.0,0.0,0.0,0.0,0.0,0.0,0.0,0.6581999,0.0,0.51347727,0.17211269,0.40484628,0.0,0.0,0.0,0.0,0.0,0.0,0.0,0.0,0.0,0.65396535,0.010474424,0.0,0.0,0.2244879,0.0,0.0,0.56756836,0.72107464,0.0,0.0,0.71674657,0.5630041,0.0,0.90034443,0.78719646,0.0,0.0,0.0,0.0,0.1648207,0.41063628,0.0,0.0,0.0,0.15643264,0.0,0.13305397,0.0,0.59427273,0.60957193,0.8358708,0.026743894,1.2386699,0.9312799,0.49647686,0.0,0.0,0.0,0.6976701,1.1597221,0.0,0.48848465,0.0,0.0,0.49812496,0.0,0.7047949,0.30271178,0.25159428,0.0,0.1883315,1.0198314,0.0,0.0,0.8804495,0.0,0.58851254,0.0,0.0,0.0,0.6666084,0.089455135,0.0,0.0,0.060876902,0.0,0.0,1.2991802,0.0,0.0,0.0,0.0,0.6194454,0.9380194,0.0,0.24365735,0.0,0.37074125,0.19711375,0.12592775,0.74309796,0.0,0.0,0.0,0.6858882,0.0,0.0,0.0,0.08228935,0.0,0.12753335,0.0,1.0439702,1.0343852,0.0,0.8689865,0.648781,1.173373,0.7547755,0.0,0.008493539,0.0,0.0,0.0,0.0,0.0,0.77077526,0.0,1.0775965,0.0,0.0,0.0,0.0,0.0,0.9246147,0.0,0.7815455,0.5879072,0.0,0.0,0.76529634,0.0,0.0,0.0,0.0,0.019962944,0.69589484,0.0,0.0,0.4815729,0.0,0.0,0.0,</b>
1,<b>,0.0,0.0,0.0,0.0,0.0,0.0,1.2183676,0.66813827,0.0,0.53004175,0.5841424,0.0,0.86134684,0.0,0.0,0.7539081,0.0,0.0,0.3214494,0.96549064,0.0,0.0,1.1232058,0.0,0.0,0.79642946,1.1181868,0.07396587,0.0,0.0,0.8253112,0.89536667,0.11099079,0.9690284,0.07092804,0.20579869,1.4047148,0.9773845,0.0,0.0,1.2045681,0.0,0.0,0.0,0.0,0.23551676,0.86603546,0.6742185,0.0,0.012273449,0.0,1.0498352,0.7056903,0.8519039,0.0,0.047473963,0.0,0.0,0.0,0.8440538,0.059098847,0.4601866,1.257536,0.0,0.0,0.0,0.0,0.52010983,1.005372,0.52941054,0.0,1.2686898,0.0,0.32994646,1.0034715,0.0,0.0,0.0,0.6449195,0.0,0.40001872,1.0252353,0.59102905,0.0,0.62130624,0.0,0.0,0.98676705,0.0,1.2274029,0.08551566,0.5402586,1.21088,0.38347366,0.0,0.21762776,0.21382421,0.0,1.041318,0.411551,0.38718733,0.58389354,0.0,0.9058397,0.0,0.0,0.7855751,0.0,1.0513979,0.6914163,0.0,0.0,0.43552235,0.0,0.0,0.0,0.0,0.29291534,0.0,0.0,0.4537239,0.50062054,0.0,0.0,0.013583675,0.0,0.8853973,0.4426906,0.8556932,0.0,0.51718855,0.0,0.0,0.600958,0.0,0.0,1.1886226,0.8445593,0.0,0.7659393,0.0,0.30170622,1.0479572,0.1180512,0.0,0.0,0.0,0.0,0.9735282,0.80731237,0.12642157,1.0301349,0.99337345,0.37312475,0.0,1.0894774,0.0,0.31782842,1.1239467,0.9190457,0.0,0.0,0.0,0.24659783,0.0,0.0,0.0,0.0,1.1921386,0.0,0.7326262,1.0392847,0.6740946,0.0,0.835359,1.1058902,0.0,0.0,0.0,0.0,0.0,0.0,0.65015596,0.0,1.173711,0.0,0.027932886,0.5220923,0.5300282,0.0,0.0,0.0,0.0,0.0,0.20558932,0.0,0.0,0.0,0.0,0.51649487,0.0,0.0,0.0,0.0,0.67054117,0.0,0.0,0.40401798,0.0,0.05774175,0.0,0.7873335,0.511049,0.71873844,0.0,0.0,1.1845918,0.9216699,0.6956201,0.02722103,0.0,0.0,0.036413107,0.0,1.1996489,0.19439523,0.0,0.0,0.0,0.0,0.6330711,0.0,0.033389516,0.81426895,0.0,0.0,0.0,0.74442834,0.18281661,0.0,0.0,0.0,0.0,0.0,0.8714213,0.0,0.0,0.83811766,0.67120326,0.99353904,0.11098305,0.94887793,0.6335412,0.0,0.36647668,0.691023,0.07771539,0.0,0.51168084,0.07512059,0.02044372,0.0,0.0,0.73294383,1.0997564,0.8812698,0.021973807,0.54102606,0.9738731,0.60742176,0.0,0.3277138,1.1689746,0.0,0.33240673,1.6601183,0.0,0.0,0.0,0.0,0.0,1.3368846,0.0,0.22975433,0.0,1.038171,0.0,0.22141239,0.0,0.0,0.6644178,0.8942638,0.0,0.0,0.0,0.0,0.0,0.0,0.0,0.0,0.24935712,0.9057564,0.632158,0.009558954,0.0,0.1287277,0.0,0.0,0.0,1.0301839,0.5214373,0.0,0.0,0.4236756,0.0,0.0,0.0,0.07156362,0.13882533,0.98552525,1.2159265,0.0,0.8931129,1.036479,0.0,0.0,0.0,0.16606545,0.0,0.0,0.6960318,0.0,0.0,0.0,0.0,0.0,0.09245593,0.8945453,0.17311619,0.79522413,0.47577232,0.48641828,0.8546475,1.2731159,0.67381966,0.0,0.97868377,0.7425707,0.22709946,0.82854277,0.0,0.0,0.0,0.0,0.0,0.0,0.93099684,0.0,0.0,0.0,0.0,0.0,0.0,0.0,0.09493344,0.0,0.933361,0.541024,0.3091237,0.0,0.02131455,0.0,0.0,0.0,0.0,0.0,0.0,0.0,1.0176213,0.41167793,0.0,0.0,0.552407,0.0,0.0,0.71728224,1.045048,0.06664479,0.0,0.99404055,0.58954144,0.0,1.3782437,1.1023835,0.0,0.0,0.0,0.0,1.0268638,0.8909393,0.0,0.0,0.32743835,0.015282165,0.1399228,0.0,0.0,1.0506105,0.4390372,0.7811397,0.0,0.8676115,0.06619115,0.13086537,0.0,0.04554979,0.0,1.0601808,0.9699677,0.0,1.0833883,0.0,0.0,0.44361493,0.0,1.1320515,0.34958434,0.41223788,0.0,0.0,0.7230192,0.0,0.0,0.23036249,0.12716846,0.37468743,0.0,0.0,0.30860215,1.2199345,0.45838732,0.55497193,0.0,0.7180826,0.0,0.0,1.0082201,0.0,0.0,0.0,0.097303875,0.21415499,1.0664325,0.023785558,1.1277595,0.2886759,1.0455143,0.0,0.0,0.78305465,0.0010137782,0.0,0.0,1.1348999,0.09547974,0.0,0.0,0.0,0.0,0.465494,0.0,0.9875815,0.3827412,0.0,1.327764,0.5630516,0.75892997,0.5541075,0.63391846,0.0,0.0,0.0,0.0,0.0,0.0,1.2626603,0.0,1.2110639,0.0,0.0,0.40908962,0.0,0.0,1.0708847,0.0,1.0789157,0.7936646,0.0,0.0,0.8320713,0.0,0.0,0.0,0.01814333,0.0,0.023168199,0.0,0.77324325,0.11266469,0.0,0.0,0.0,</b>
1,<b>,0.0,0.31916842,0.0,0.0,0.0,0.018473946,1.0963774,0.80831504,0.0,0.0,0.0,0.20026943,0.4113273,0.39877373,0.0,0.7818357,0.0,0.12444668,0.0,1.1120912,0.0,0.0,0.65885186,0.0,0.12382434,0.9699395,0.53099173,0.11827739,0.0,0.054213546,1.0626479,0.058596753,0.10696636,0.0,0.34691697,0.0,0.7162498,0.24137974,0.0,0.0,0.9201244,0.0,0.0,0.0,0.0,0.0,0.63071007,0.0,0.80197316,0.0,0.0,1.1793752,0.079673,0.5328462,0.0,0.0,0.6861701,0.011108695,0.0014881687,1.4726351,0.16479716,0.0,0.41085333,0.0,0.0,0.3048171,0.49544942,1.2224005,0.37396505,0.5149833,0.093133725,0.28338525,0.0,0.62192696,1.3257928,0.0,0.054118276,0.040313315,1.1168127,0.0,1.0022691,1.3957556,0.0,0.0,0.4084796,0.0,0.08100418,0.47133693,0.0,0.76507014,0.14270325,0.57633686,1.0238537,0.9306745,0.0,0.0,0.9234819,0.0,1.0128226,0.29910028,0.36336282,0.0,0.0,0.088312335,0.0,0.0,1.0965161,0.0,0.7139774,0.8108702,0.0,0.0,0.99478954,0.0,0.0,0.0,0.30671194,0.5195137,0.12485636,0.1263293,0.0,0.8872952,0.19089435,0.06254532,0.0,0.0,0.6148465,0.91598237,0.66768837,0.0,0.55350477,0.0,0.1575848,0.99262244,0.0,0.0,0.4824721,0.77852005,0.0,1.0887034,0.1935308,0.04451144,0.0,0.8097686,0.18565902,0.0,0.0,0.0,0.9025497,0.5546563,0.3174098,1.3376935,0.30580008,0.0,0.54729193,1.3596972,0.0,0.0,0.0,0.8930789,0.43724608,0.0,0.0,0.9140323,0.018803192,0.0,0.0,0.0,1.310831,0.0,0.9510495,1.2426124,0.86050075,0.0,0.9309698,0.3272081,0.0,0.0,0.09857747,0.0,0.0,0.0,0.0,0.047873907,0.8077374,0.0,1.4563617,0.5401596,0.27407297,0.0,0.2075718,0.0,0.04967344,0.15685752,1.1629107,0.25583628,0.0,0.0,0.0,0.0,0.0,0.0,0.0,0.0,0.0,0.023847893,0.0,0.47578403,0.0,0.013018844,0.0,0.7261714,0.73944265,0.0,0.0,0.0,0.40660965,1.1063197,0.093846224,0.7065195,0.0,0.013957854,0.44530293,0.0,0.22451952,0.0,0.0,0.0,0.2737857,0.0,0.8155055,0.024003973,0.0,0.48382133,0.0,0.32970035,0.0,0.7852939,1.1480722,0.0,0.3222726,0.14087148,0.0,0.0,0.72302437,0.0,0.0,0.07949713,0.9288428,0.4715568,0.0,0.37318358,0.95468205,0.0,1.0756272,0.3776953,0.0,0.0,0.0,0.0,0.0,0.0,0.0,0.0,0.33556512,0.50374764,0.07227364,0.66242313,0.8592723,1.1503048,0.015648896,0.0463976,1.301649,0.0056972657,0.41706774,1.1704981,0.0,0.014789481,0.0,0.0,0.040598955,0.2572978,0.0,0.61335486,0.0,0.4919952,0.0,0.0,0.0,0.16852295,1.0718176,0.17125763,0.0,0.073642276,0.0,0.0,0.0,0.0,0.0,0.0,0.23936684,0.6383215,0.0,0.44923723,0.0,0.7906328,0.1360435,0.0,0.0,0.66905063,0.7497437,0.06659128,0.1011467,0.45097858,0.0,0.0,0.0,0.019240499,1.1771467,0.22341132,0.67838633,0.0,0.48288047,0.24929267,0.0,0.3632757,0.051865067,0.20247558,0.4642413,0.0,0.49274963,0.0,0.0,0.0,0.0,0.0,0.0,0.42021686,0.0,0.9891328,0.5528461,0.0,0.32940876,0.8458739,0.09915732,0.0,1.4185805,0.7535002,0.0,0.6063415,0.0,0.06389425,0.0,0.0,0.12052644,0.0,0.949387,0.0,0.0,0.1561933,0.0,0.0,0.0,0.0,0.46856856,0.0,0.41263497,0.43839195,0.4378078,0.0,0.0,0.01174159,0.08689751,0.0,0.19943897,0.0,0.0,0.0,1.2149929,0.0,0.0,0.7185186,0.45840093,0.12253368,0.0,0.2582181,1.0446982,0.37663537,0.0,0.77071583,0.4149207,0.053470153,0.7689549,1.2313001,0.0,0.0,0.0,0.0,0.10735981,0.0,0.0,0.007961264,0.0,0.0,0.12911782,0.5165669,0.0,0.6818989,0.7551789,0.1530822,0.0,1.1291354,0.45907456,0.06159222,0.0,0.1027485,0.1702862,0.620781,1.3326577,0.0,0.6879719,0.43071634,0.2516112,1.0491765,0.0,0.8345764,1.4342855,0.0,0.0,0.0,0.7237218,0.0,0.0,0.45479575,0.30427307,0.3570145,0.0,0.0,0.25359347,1.1822431,0.0,0.6614753,0.0,0.121433735,0.0,0.0,0.7753372,0.0,0.23820132,0.22493607,0.0,0.5883075,0.70440763,0.0,0.4122178,0.31832826,1.0010396,0.82127744,0.32075787,0.96612936,0.0,0.0,0.0,0.8397425,0.0,0.0,0.3077748,0.2889031,0.0,0.40264034,0.0,1.0437088,0.5097126,0.3479599,0.48015317,0.44749856,0.45048523,0.7306909,0.0,0.21706733,0.0,0.0,0.0,0.0,0.0,1.4774234,0.30753773,1.3469688,0.2020305,0.0,0.27269423,0.0,0.06793733,0.45197293,0.041612945,0.5401505,0.4328712,0.0,0.0,1.3968629,0.0,0.0,0.03625536,0.24720922,0.0,0.66571844,0.0,0.59835666,0.5993865,0.0,0.0,0.0,</b>
1,<b>,0.1748727,0.0,0.0,0.0,0.0,0.0,0.95211655,0.015270798,0.6854696,0.0,0.19663896,0.0,0.49816263,0.0,0.0,0.51461935,0.0,0.0,0.0,0.8833006,0.0,0.11196933,1.1293458,0.0,0.051611062,1.293998,0.7164226,0.0,0.0,0.0,1.0436625,0.53737026,0.0,1.2311469,0.0,0.0,0.69593555,0.78646994,0.0,0.0,1.1511507,0.9507104,0.0,0.0,0.0,0.0,0.43167564,0.0,1.047975,0.0,0.030800523,0.90050316,0.17716426,0.5820197,0.0,0.0,0.0,0.0,0.0,0.92725295,0.13734883,0.7734612,0.7170209,0.0,0.0,0.0,0.2677073,0.37898722,0.0,0.35961396,0.085074365,0.7457325,0.0,1.1164287,1.1683943,0.0,0.012897918,0.0,0.96536976,0.7728025,1.0750372,0.91240793,0.19781445,0.0,1.2690638,0.01291644,0.0,0.42575008,0.0,0.57670724,0.0,0.49768084,0.94357914,0.5728752,0.0,0.0,0.113867454,0.0,0.2850243,0.8328529,0.67487925,0.6159306,0.0,0.09029912,0.0,0.0,0.72979534,0.0,0.6222916,0.8590424,0.0,0.0,0.62809247,0.0,0.0,0.0,0.0,0.3634128,0.0,0.0,0.67262614,0.81061804,0.0,0.0,1.0531555,0.0,0.41568583,0.027707404,0.32903326,0.0,1.532005,0.31540233,0.0,0.8473709,0.0,0.0,0.58185476,0.22692303,0.0,1.1374129,0.0,0.916707,1.0116296,0.93615645,0.12762532,0.0,0.0,0.0,0.8519748,0.78314084,0.18126369,1.2921209,1.4243557,0.0,1.2262733,1.2324846,0.0,0.33981308,0.12856671,1.4520036,0.0,0.0,0.0,0.6679621,0.0,0.0,0.2790484,0.0,1.4909537,0.4563512,0.28301558,0.590295,0.6772372,0.0,0.97222215,0.0,0.0,0.0,0.0,0.0,0.0,0.11694783,0.93331957,0.0,0.58676684,0.0,0.9183978,0.95797336,0.030975688,0.0,0.0,0.0,0.0,0.0,1.1688416,0.0,0.0,0.0,0.0,0.0,0.0,0.0,0.0,0.0,0.03750521,0.0,0.0,0.0,0.0,0.0,0.0,0.97040987,0.5389656,0.67052186,0.0,0.0,0.39257887,0.950492,0.97781396,1.0317231,0.0,0.0,0.0,0.0,0.0,0.366045,0.0,0.11070031,0.0,0.0,1.3335105,0.0,0.0,0.4407244,0.8977939,0.0,0.0,1.1604981,0.5718364,0.0,0.0,0.0,0.0,0.0,0.6448489,0.13855892,0.0,0.24024491,1.3321255,1.26077,0.0,0.19913077,0.7498429,0.0,0.19906934,0.9896786,0.081367634,0.0,0.0,1.0193641,0.0,0.0,0.72201526,0.28137612,0.47392857,0.0,0.51116264,0.85377353,0.30427942,0.79278487,0.0,1.0836804,1.5288554,0.073477015,0.4104357,0.84616584,0.0,0.0,0.0,0.0,0.0,0.0,0.0,0.18766607,0.0,1.0315969,0.0,0.0,0.0,0.0,0.0,0.8904616,0.0,0.0,0.0,0.0,0.0,0.0,0.0,0.0,0.0,1.0370886,0.0032455558,0.38305208,0.0,0.86514825,0.0,0.0,0.0,0.33906877,0.9367273,0.0,0.0,0.08583203,0.0,0.0,0.0,0.0,0.96776724,1.3794662,0.48255095,0.0,0.7085275,1.2854917,0.0,0.13200279,0.0,0.0,0.0,0.0,0.95746183,0.0,0.0,0.0,0.0,0.0,0.40643698,0.7578368,0.0,0.9792635,0.6196573,0.17713928,0.2434049,0.19411072,0.0,0.0,0.49477336,0.1741746,0.69358283,0.0,0.15422523,0.0,0.0,0.0,0.0,0.8969004,0.9941185,0.0,0.0,0.0,0.0,0.0611163,0.0,0.0,0.8092736,0.11093965,0.14892557,0.0,0.5697632,0.0,0.0,0.0,0.0,0.0,0.09816462,0.0,0.0,0.0,1.4508502,0.0,0.0,0.0,0.5622273,0.09258631,0.0,0.96332765,1.0883144,0.0,0.0,0.58131903,0.2488958,0.0,0.9095844,1.1250395,0.0,0.0,0.0,0.0,0.0,0.24661915,0.0,0.0,0.0,0.0,0.14570378,0.0,0.0,0.86171854,0.47749475,0.8427614,0.0,1.3399355,1.0470812,0.6693763,0.0,0.0,0.0,0.84803325,1.4083662,0.0,0.7990246,0.1817566,0.0,0.7547602,0.0,0.763082,0.40763298,0.0,0.0,0.47448558,0.7065694,0.0,0.0,1.3563443,0.023003886,0.91816926,0.0,0.0,0.0,0.8912906,0.026403435,0.0,0.0,0.0,0.0,0.0,1.4050968,0.011987128,0.0,0.0,0.0,0.6759566,0.7255253,0.0,0.2920814,0.0,0.0,0.36725813,0.36170185,0.9899478,0.0,0.0,0.0,1.1594026,0.0,0.0,0.0,0.0,0.0,0.17487115,0.0,0.8770499,0.90958375,0.27058885,0.9485105,0.98927534,0.5964894,1.1348481,0.0,0.0,0.0,0.2345211,0.0,0.0,0.0,0.7317785,0.0,1.2428466,0.0,0.0,0.0,0.0,0.0,1.1255739,0.0,0.76313895,0.6160958,0.30375224,0.0,1.0868981,0.0,0.0,0.0221848,0.0,0.0,1.1960045,0.0,0.0,0.9928127,0.0,0.0,0.0,</b>
