0,1.850326,0.000000,0.365865,4.459192,6.744473,1.429275,9.114778,0.031857,0.000000,0.000000,0.000000,0.0,6.426415,0.0,0.0,0.0
0,1.704294,0.000000,0.091960,3.622272,5.560402,1.653878,7.372824,0.095709,0.000000,0.000000,0.000000,0.0,5.499364,0.0,0.0,0.0
0,1.549888,0.000000,0.973279,4.240004,6.394847,1.877712,9.664618,0.000000,0.000000,0.000000,0.200729,0.0,6.781310,0.0,0.0,0.0
0,2.869659,0.101759,0.000000,3.952370,5.392364,1.331015,8.193737,0.000000,0.000000,0.000000,1.366472,0.0,5.738619,0.0,0.0,0.0
0,0.924253,0.000000,0.802677,3.699831,5.523795,1.425332,8.210558,0.009764,0.000000,0.000000,0.114960,0.0,6.031462,0.0,0.0,0.0
0,1.449539,0.000000,1.062287,4.395082,6.260925,1.906297,9.460378,0.000000,0.000000,0.000000,0.278155,0.0,7.124702,0.0,0.0,0.0
0,1.782574,0.852840,0.418488,5.001598,7.276269,1.437930,9.242680,0.300589,0.000000,0.000000,0.000000,0.0,6.483798,0.0,0.0,0.0
0,2.732280,0.000000,0.088306,4.669969,7.420826,2.149052,9.931452,0.084466,0.000000,0.000000,0.312842,0.0,7.315982,0.0,0.0,0.0
0,2.270254,0.236470,0.113924,5.593525,7.831001,1.692222,11.022431,0.000000,0.000000,0.000000,0.466748,0.0,7.917573,0.0,0.0,0.0
0,1.669614,0.000000,0.700429,5.524169,7.801509,1.657765,11.138705,0.000000,0.000000,0.000000,0.000000,0.0,8.311545,0.0,0.0,0.0
0,2.773105,0.468510,0.000000,4.748029,6.563244,1.232635,9.228912,0.000000,0.000000,0.000000,1.377629,0.0,6.584956,0.0,0.0,0.0
0,1.938996,0.000000,1.020614,6.276068,9.036255,2.211228,13.441116,0.000000,0.000000,0.000000,0.372863,0.0,9.683303,0.0,0.0,0.0
0,2.171327,0.277088,0.000000,4.266913,5.870918,1.599546,8.138053,0.314090,0.000000,0.000000,1.191674,0.0,6.154345,0.0,0.0,0.0
0,2.069477,0.208577,0.106602,6.226759,8.826224,1.958999,11.638141,0.000000,0.000000,0.000000,0.250159,0.0,8.854064,0.0,0.0,0.0
0,3.384950,0.761105,0.000000,6.540237,9.618032,1.718851,13.254163,0.000000,0.000000,0.000000,0.922592,0.0,9.473398,0.0,0.0,0.0
0,2.395117,0.208035,0.206895,6.279491,8.837234,1.741204,12.921990,0.000000,0.000000,0.000000,0.559780,0.0,9.348597,0.0,0.0,0.0
0,2.622331,0.000000,0.724376,6.148847,8.811855,2.459488,13.015328,0.079437,0.000000,0.000000,0.595646,0.0,9.249592,0.0,0.0,0.0
0,3.407815,1.334663,0.000000,6.634464,9.544132,1.799295,12.106294,0.454280,0.000000,0.000000,1.186674,0.0,8.428702,0.0,0.0,0.0
0,1.788603,0.000000,0.625069,5.341691,7.994270,2.220817,10.995894,0.020677,0.000000,0.000000,0.081682,0.0,8.396283,0.0,0.0,0.0
0,2.549419,0.000000,0.683162,6.283719,9.291241,2.779989,13.666633,0.135178,0.000000,0.000000,0.907619,0.0,9.752419,0.0,0.0,0.0
0,2.924138,0.842343,0.000000,6.664327,9.280422,1.287788,12.263803,0.027759,0.000000,0.000000,1.418611,0.0,9.014493,0.0,0.0,0.0
0,3.969272,0.287397,0.000000,8.943952,12.943540,2.929840,17.147367,0.067728,0.000000,0.000000,1.252957,0.0,12.563853,0.0,0.0,0.0
0,2.834793,0.000000,1.153908,7.182329,10.333864,2.963356,15.374464,0.097086,0.000000,0.000000,0.526533,0.0,11.070859,0.0,0.0,0.0
0,3.445473,0.000000,0.434635,6.309588,9.202247,2.603451,13.709361,0.018258,0.000000,0.000000,1.117356,0.0,9.837601,0.0,0.0,0.0
0,2.494746,0.000000,0.707966,6.591826,9.558125,2.783160,13.571359,0.271903,0.000000,0.000000,0.514634,0.0,10.372610,0.0,0.0,0.0
0,5.426279,0.000848,0.000000,7.583009,11.394413,2.934430,15.602911,0.197870,0.000000,0.000000,2.908032,0.0,11.258800,0.0,0.0,0.0
0,4.021287,0.000000,0.880397,9.868176,14.438996,3.675270,19.608763,0.129241,0.000000,0.000000,0.057941,0.0,14.677924,0.0,0.0,0.0
0,3.093441,0.552839,0.011545,6.568218,9.831980,2.292851,12.436893,0.224502,0.000000,0.000000,0.831845,0.0,9.064493,0.0,0.0,0.0
0,3.437012,0.588685,0.274603,7.960773,11.448780,2.252044,15.845922,0.000000,0.000000,0.000000,0.370189,0.0,11.533383,0.0,0.0,0.0
0,4.112236,0.510750,0.000000,6.865273,9.987369,2.790884,12.640168,0.572488,0.000000,0.000000,1.873731,0.0,9.447855,0.0,0.0,0.0
0,4.050833,0.000000,0.623042,8.928015,12.650667,2.820451,17.845205,0.000000,0.000000,0.000000,0.457557,0.0,13.041687,0.0,0.0,0.0
0,2.618029,0.000000,0.432728,5.457259,8.821368,2.742862,12.795116,0.000000,0.000000,0.000000,0.247230,0.0,9.270851,0.0,0.0,0.0
0,3.455443,0.805692,0.000000,6.818155,9.696301,1.934767,12.070901,0.467978,0.000000,0.000000,2.106383,0.0,9.205985,0.0,0.0,0.0
0,3.037856,0.079736,0.000000,6.366401,8.755327,2.974178,11.649350,0.471213,0.000000,0.000000,1.691950,0.0,8.841909,0.0,0.0,0.0
0,2.745936,0.000000,0.790301,7.299915,11.187097,2.792389,16.338230,0.000000,0.000000,0.000000,0.373442,0.0,11.629118,0.0,0.0,0.0
0,4.627201,0.000000,0.196961,9.062571,13.012394,2.845471,18.578295,0.000000,0.000000,0.000000,1.553040,0.0,13.416423,0.0,0.0,0.0
0,3.090920,0.000000,0.815776,7.076214,10.614025,2.756441,15.343575,0.049412,0.000000,0.000000,0.525636,0.0,11.272882,0.0,0.0,0.0
0,3.912474,0.000000,0.000000,6.599612,9.809145,3.309427,13.614843,0.691638,0.000000,0.000000,1.317195,0.0,10.139714,0.0,0.0,0.0
0,2.420400,0.000000,0.867699,7.412483,10.976650,2.578428,15.726692,0.000000,0.000000,0.000000,0.258910,0.0,11.430732,0.0,0.0,0.0
0,2.837423,0.480584,0.382277,7.518021,10.592824,1.966538,15.171287,0.000000,0.000000,0.000000,0.774993,0.0,11.059533,0.0,0.0,0.0
0,2.484351,0.000000,0.944129,6.594448,10.017965,3.014950,14.398414,0.000000,0.000000,0.000000,0.249119,0.0,10.586377,0.0,0.0,0.0
0,3.369590,0.000000,0.241484,6.704462,9.980255,3.000173,13.911160,0.508031,0.000000,0.000000,1.098370,0.0,10.218857,0.0,0.0,0.0
0,4.980944,0.612126,0.000000,8.715775,11.986302,3.775877,15.231194,0.989550,0.000000,0.000000,2.472584,0.0,11.660958,0.0,0.0,0.0
0,2.779691,0.000000,0.868633,7.145921,10.563416,3.018560,15.167747,0.000000,0.000000,0.000000,0.088350,0.0,11.319994,0.0,0.0,0.0
0,3.250584,0.000000,0.906726,8.725175,12.492936,2.390543,18.224802,0.000000,0.000000,0.000000,0.667880,0.0,13.328498,0.0,0.0,0.0
0,4.656786,0.000000,0.000000,5.635042,8.072154,3.534039,11.741081,1.124346,0.000000,0.000000,3.024235,0.0,8.553432,0.0,0.0,0.0
0,2.882247,0.000000,1.210762,6.580648,10.206729,2.900652,14.737400,0.000000,0.000000,0.000000,0.008000,0.0,10.944208,0.0,0.0,0.0
0,4.189221,0.143006,0.000000,9.469405,13.655388,3.264242,18.015114,0.215860,0.000000,0.000000,1.189256,0.0,13.255861,0.0,0.0,0.0
0,4.138238,0.344711,0.443648,9.850710,14.023654,2.722489,19.972140,0.000000,0.000000,0.000000,0.739575,0.0,14.340691,0.0,0.0,0.0
0,2.811330,0.000000,0.810428,7.267302,10.633309,2.543272,15.468416,0.000000,0.085381,0.000000,0.405507,0.0,11.531391,0.0,0.0,0.0
0,3.012843,0.000000,0.409446,7.553148,11.173291,2.936363,14.982976,0.034371,0.000000,0.000000,0.639895,0.0,11.051355,0.0,0.0,0.0
0,3.042668,0.000000,0.744940,5.780667,8.760442,3.131064,12.250652,0.558686,0.000000,0.000000,0.357488,0.0,9.240856,0.0,0.0,0.0
0,4.896876,0.278929,0.000000,8.961906,13.090746,3.618702,17.327188,0.340945,0.000000,0.000000,1.479953,0.0,12.592561,0.0,0.0,0.0
0,4.139621,0.000000,0.218267,6.443373,9.923640,3.452849,14.198027,0.485426,0.000000,0.000000,0.996503,0.0,10.662269,0.0,0.0,0.0
0,3.477620,0.249677,0.000000,6.525696,9.342354,2.273899,11.793211,0.393051,0.000000,0.000000,1.903690,0.0,9.265385,0.0,0.0,0.0
0,3.579502,0.405174,0.515758,9.115712,12.910223,2.806361,18.657784,0.000000,0.000000,0.000000,0.531262,0.0,13.325580,0.0,0.0,0.0
0,3.922111,0.000000,0.393693,7.256426,10.813694,3.368151,15.617648,0.291641,0.000000,0.000000,1.370994,0.0,11.715032,0.0,0.0,0.0
0,4.548858,0.919352,0.000000,6.893771,10.144653,2.395003,13.236985,0.543798,0.000000,0.000000,2.195234,0.0,9.770763,0.0,0.0,0.0
0,3.746823,0.196345,0.041746,6.339268,9.523001,2.498302,13.079968,0.947780,0.000000,0.000000,2.250280,0.0,9.262183,0.0,0.0,0.0
0,3.267584,0.095154,0.000000,5.580150,8.454865,2.102684,11.104392,0.586088,0.000000,0.000000,2.136701,0.0,8.350974,0.0,0.0,0.0
0,4.571112,0.000000,0.000000,4.540746,7.650433,3.551449,10.338734,1.127860,0.000000,0.000000,2.514341,0.0,7.503738,0.0,0.0,0.0
0,3.513468,0.000000,0.000000,5.585921,8.312374,2.944376,11.552802,0.495335,0.000000,0.000000,1.371872,0.0,8.269186,0.0,0.0,0.0
0,3.891953,0.000999,0.000000,5.640890,8.133888,2.054387,12.099619,0.014901,0.000000,0.000000,1.875359,0.0,8.751166,0.0,0.0,0.0
0,3.170471,0.000000,0.088246,6.730706,9.809744,2.650273,12.709721,0.442320,0.000000,0.000000,1.469932,0.0,9.692567,0.0,0.0,0.0
0,2.019604,0.000000,1.417924,7.821498,11.140273,2.609755,16.151550,0.000000,0.000000,0.000000,0.000000,0.0,12.015394,0.0,0.0,0.0
0,3.612065,0.000000,0.641736,8.611898,12.591322,3.248181,17.776787,0.000000,0.000000,0.000000,0.730201,0.0,12.937738,0.0,0.0,0.0
0,3.089709,0.000000,0.235007,7.548288,11.334019,3.016541,16.066872,0.016950,0.000000,0.000000,0.827029,0.0,11.520546,0.0,0.0,0.0
0,2.550591,0.000000,0.785493,6.758634,10.514149,3.010555,15.163185,0.000000,0.000000,0.000000,0.143411,0.0,11.038169,0.0,0.0,0.0
0,2.707057,0.000000,0.998149,8.604888,12.836403,3.288464,17.582617,0.000000,0.000000,0.000000,0.000000,0.0,12.939066,0.0,0.0,0.0
0,4.176686,1.115866,0.000000,7.645490,10.954456,2.781241,14.190286,0.513825,0.000000,0.000000,2.103752,0.0,10.680735,0.0,0.0,0.0
0,3.440234,0.007642,0.663717,10.111908,14.656522,2.552547,20.233644,0.000000,0.000000,0.000000,0.517785,0.0,14.955368,0.0,0.0,0.0
0,3.394135,0.518930,0.000000,7.427463,10.632879,2.268317,13.563845,0.137830,0.000000,0.000000,1.758382,0.0,10.356260,0.0,0.0,0.0
0,3.354688,0.000000,1.357343,8.518055,12.398810,3.255949,17.968304,0.178540,0.000000,0.000000,0.574154,0.0,13.317410,0.0,0.0,0.0
0,4.196419,1.274112,0.000000,9.901179,13.806971,3.106426,17.990133,0.058987,0.000000,0.000000,1.464678,0.0,13.373002,0.0,0.0,0.0
0,4.256896,0.483551,0.000000,6.847604,10.034927,3.089600,13.216565,0.568858,0.000000,0.000000,1.897009,0.0,9.898434,0.0,0.0,0.0
0,3.402551,0.250515,0.000000,7.531577,10.827981,2.637797,14.420279,0.166850,0.000000,0.000000,1.875371,0.0,10.999745,0.0,0.0,0.0
0,5.048852,1.208232,0.000000,6.612122,9.077792,3.114051,11.629633,1.099623,0.000000,0.000000,3.685777,0.0,8.935635,0.0,0.0,0.0
0,3.608720,0.947705,0.000000,8.308307,11.598629,2.569516,14.515823,0.234061,0.000000,0.000000,1.910991,0.0,11.439950,0.0,0.0,0.0
0,4.089274,0.000000,0.045397,8.337075,12.209736,3.735406,16.365767,0.676254,0.000000,0.000000,1.338197,0.0,12.258976,0.0,0.0,0.0
0,6.023442,0.647767,0.000000,5.386766,7.705210,3.328254,11.069127,1.379893,0.000000,0.000000,4.570464,0.0,8.220862,0.0,0.0,0.0
0,4.282610,0.000000,0.000000,7.037863,10.316958,3.520672,13.727318,0.895263,0.000000,0.000000,2.275397,0.0,10.525935,0.0,0.0,0.0
0,3.356551,0.000000,0.633502,7.031919,10.894914,3.285903,15.736990,0.000000,0.000000,0.000000,0.633918,0.0,11.134534,0.0,0.0,0.0
0,4.391000,0.000000,0.485925,8.242691,12.086320,3.441524,17.623420,0.318778,0.000000,0.000000,1.773708,0.0,12.861117,0.0,0.0,0.0
0,4.124147,0.000000,1.510251,8.480489,12.713808,4.562932,18.769354,0.539185,0.000000,0.000000,1.309113,0.0,13.876759,0.0,0.0,0.0
0,4.432086,1.301788,0.000000,8.812908,12.561568,2.748749,16.427790,0.295193,0.000000,0.000000,1.817830,0.0,12.067928,0.0,0.0,0.0
0,2.202931,0.000000,0.884831,6.330288,9.521115,2.635677,13.702290,0.000000,0.000000,0.000000,0.001405,0.0,10.134458,0.0,0.0,0.0
0,3.424085,0.000000,1.038764,8.663839,13.170237,3.609625,18.997087,0.000000,0.000000,0.000000,0.000000,0.0,13.875586,0.0,0.0,0.0
0,4.702295,0.000000,0.702376,9.189037,13.852818,4.338148,19.896520,0.525484,0.000000,0.000000,1.284634,0.0,14.450444,0.0,0.0,0.0
0,4.213397,0.709521,0.000000,7.883219,11.359689,3.013702,14.456020,0.597739,0.000000,0.000000,1.941411,0.0,10.793692,0.0,0.0,0.0
0,3.827208,0.000000,0.996629,8.050963,12.383019,3.901374,17.858614,0.225394,0.000000,0.000000,0.588373,0.0,12.802978,0.0,0.0,0.0
0,3.016778,1.478428,0.000000,7.423692,10.356969,2.373196,13.293906,0.000000,0.000000,0.000000,1.558171,0.0,10.173304,0.0,0.0,0.0
0,4.996110,0.000000,0.084182,9.451383,13.741261,3.423693,19.437809,0.000000,0.000000,0.000000,1.440146,0.0,14.330677,0.0,0.0,0.0
0,5.290466,1.020385,0.000000,8.819944,12.837812,2.804315,16.139797,0.625822,0.000000,0.000000,2.621007,0.0,11.982497,0.0,0.0,0.0
0,3.850473,0.000000,0.000000,6.189893,9.452387,3.028809,13.290734,0.062647,0.000000,0.000000,0.970854,0.0,9.997796,0.0,0.0,0.0
0,4.698851,0.000000,0.437027,9.415135,14.509826,4.056953,20.180900,0.057705,0.000000,0.000000,0.653463,0.0,14.683676,0.0,0.0,0.0
0,4.074684,0.404743,0.237747,10.600024,15.151507,2.887166,20.388407,0.000000,0.000000,0.000000,1.184616,0.0,15.039167,0.0,0.0,0.0
0,3.744517,1.133068,0.000000,8.066878,11.517956,3.133633,15.045532,0.637877,0.000000,0.000000,2.030783,0.0,10.877061,0.0,0.0,0.0
0,4.018601,0.000000,0.687956,8.476349,12.811159,3.994754,18.477316,0.444919,0.000000,0.000000,1.685329,0.0,13.355099,0.0,0.0,0.0
0,6.006904,0.959419,0.000000,8.970727,12.807050,4.183851,16.902498,1.314286,0.000000,0.000000,3.029252,0.0,12.567297,0.0,0.0,0.0
0,3.852996,0.000000,0.682243,9.994631,14.766057,3.399400,20.915524,0.000000,0.000000,0.000000,0.089455,0.0,15.114562,0.0,0.0,0.0
0,4.553936,1.669568,0.000000,8.116750,11.590596,3.051528,14.361301,0.500175,0.000000,0.000000,2.304993,0.0,11.061980,0.0,0.0,0.0
0,3.454780,0.000000,0.182486,8.234645,12.137628,3.243850,17.031780,0.000000,0.000000,0.000000,0.522628,0.0,12.504402,0.0,0.0,0.0
0,2.793769,0.000000,0.440120,8.074786,12.206772,3.297046,16.738207,0.000000,0.000000,0.000000,0.656028,0.0,12.480864,0.0,0.0,0.0
0,4.452130,0.000000,0.636109,8.016863,12.002479,4.139405,17.277730,0.314227,0.000000,0.000000,1.143778,0.0,12.365035,0.0,0.0,0.0
0,3.323445,0.000000,1.352566,8.597789,12.910562,3.515492,18.379490,0.000000,0.000000,0.000000,0.000000,0.0,13.662206,0.0,0.0,0.0
0,3.921840,0.000000,0.000000,6.221331,9.099185,3.171145,12.829434,0.372866,0.000000,0.000000,1.277342,0.0,9.721628,0.0,0.0,0.0
0,4.810700,0.786670,0.000000,8.773068,13.149937,2.923708,18.092731,0.000000,0.000000,0.000000,2.295346,0.0,12.999722,0.0,0.0,0.0
0,3.803844,0.000000,1.103385,10.012714,14.879889,4.109675,21.166975,0.000000,0.000000,0.000000,0.000000,0.0,15.735644,0.0,0.0,0.0
0,4.456138,0.000000,0.552591,9.661715,14.403164,3.823011,20.433378,0.027321,0.000000,0.000000,1.082702,0.0,14.905282,0.0,0.0,0.0
0,3.779920,0.000000,1.014829,8.764748,12.976581,3.491585,18.640210,0.209513,0.000000,0.000000,0.842737,0.0,13.847749,0.0,0.0,0.0
0,3.245906,0.000000,1.040070,8.913131,13.162797,3.427304,18.762691,0.000000,0.000000,0.000000,0.000000,0.0,14.148975,0.0,0.0,0.0
0,4.863478,0.000000,0.426518,9.299441,13.983250,4.525219,19.968779,0.660596,0.000000,0.000000,1.620470,0.0,14.244543,0.0,0.0,0.0
0,3.253738,0.000000,0.430689,8.779446,12.839814,3.200138,17.941270,0.000000,0.000000,0.000000,0.397954,0.0,13.335974,0.0,0.0,0.0
0,4.961536,0.000000,0.029891,10.271830,15.327687,3.895619,20.594700,0.000000,0.000000,0.000000,1.037193,0.0,15.439982,0.0,0.0,0.0
0,4.667362,0.000000,0.000000,8.554049,12.558952,3.887047,18.003387,0.216206,0.000000,0.000000,1.637133,0.0,12.858945,0.0,0.0,0.0
0,5.094362,0.000000,0.000000,8.032620,12.332472,4.376192,17.408241,0.863714,0.000000,0.000000,1.993452,0.0,12.551019,0.0,0.0,0.0
0,4.142393,0.000000,1.148756,9.298796,13.915031,4.107917,20.182383,0.359312,0.000000,0.000000,0.699431,0.0,14.950986,0.0,0.0,0.0
0,4.111245,0.000000,1.053344,8.580258,13.367425,4.265041,19.605095,0.162201,0.000000,0.000000,0.911921,0.0,14.256865,0.0,0.0,0.0
0,5.965857,1.482283,0.000000,10.245887,15.050051,3.508843,19.149656,0.731175,0.000000,0.000000,2.813861,0.0,13.748663,0.0,0.0,0.0
0,7.179048,1.824471,0.000000,7.571781,10.470546,4.248025,13.544544,1.585409,0.000000,0.000000,4.758069,0.0,10.037355,0.0,0.0,0.0
0,3.958320,0.000000,0.068136,6.781210,10.416165,3.390781,14.925344,0.111339,0.000000,0.000000,0.915195,0.0,10.845112,0.0,0.0,0.0
0,6.226521,1.211360,0.000000,7.376933,10.886647,3.349324,14.734931,0.610715,0.000000,0.000000,3.889851,0.0,10.676796,0.0,0.0,0.0
0,4.926228,0.311035,0.000000,9.035397,13.030690,2.767124,18.134422,0.000000,0.000000,0.000000,2.580436,0.0,13.153054,0.0,0.0,0.0
0,3.396011,0.000000,0.416908,7.451350,11.347036,3.282671,15.602740,0.149160,0.000000,0.000000,0.903552,0.0,11.419811,0.0,0.0,0.0
0,4.680270,0.000000,0.000000,9.855033,14.847764,4.116719,20.107937,0.021629,0.000000,0.000000,1.110778,0.0,14.698167,0.0,0.0,0.0
0,4.356672,0.000000,0.000000,7.065929,10.667571,3.629056,14.477574,0.571406,0.000000,0.000000,2.207276,0.0,10.785891,0.0,0.0,0.0
0,4.759096,0.017423,0.000000,9.100101,13.550873,3.466272,18.258740,0.275807,0.000000,0.000000,1.768100,0.0,13.120362,0.0,0.0,0.0
0,4.355984,0.000000,1.197740,8.706108,13.088285,4.288336,18.937761,0.314297,0.000000,0.000000,1.132591,0.0,14.031157,0.0,0.0,0.0
0,4.058957,0.000000,0.823652,10.528128,15.531839,4.230057,21.876840,0.000000,0.000000,0.000000,0.264690,0.0,16.238106,0.0,0.0,0.0
0,3.633839,0.000000,0.666964,8.052475,12.693946,3.580457,18.188509,0.000000,0.000000,0.000000,0.464664,0.0,12.997088,0.0,0.0,0.0
0,3.786414,0.814812,0.000000,9.676425,13.697991,2.729365,18.127083,0.000000,0.000000,0.000000,1.486457,0.0,13.709430,0.0,0.0,0.0
0,6.377812,0.000000,0.000000,10.425802,15.285922,5.114554,21.386303,0.467515,0.000000,0.000000,1.990912,0.0,15.621611,0.0,0.0,0.0
0,4.921916,1.014782,0.000000,8.576730,12.675324,3.280009,16.114843,0.781006,0.000000,0.000000,2.603435,0.0,12.194463,0.0,0.0,0.0
0,4.878033,0.000000,0.565735,9.252781,13.921791,4.535973,20.017351,0.508471,0.000000,0.000000,1.589275,0.0,14.387933,0.0,0.0,0.0
0,3.079690,0.000000,0.000000,7.617148,11.078512,2.771628,14.977836,0.000000,0.000000,0.000000,1.056539,0.0,11.389127,0.0,0.0,0.0
0,3.589990,0.000000,1.640473,10.407125,15.842464,4.069848,22.424292,0.000000,0.000000,0.000000,0.000000,0.0,16.769571,0.0,0.0,0.0
0,3.278134,0.000000,0.473720,8.300247,12.478274,3.183110,16.854984,0.000000,0.000000,0.000000,0.600937,0.0,12.715879,0.0,0.0,0.0
0,3.398502,0.000000,1.385652,8.854734,13.333263,3.663935,19.664160,0.051824,0.000000,0.000000,0.837125,0.0,14.217629,0.0,0.0,0.0
0,5.540063,0.000000,0.563930,8.726234,13.423801,4.699845,19.816837,0.564852,0.000000,0.000000,2.272178,0.0,14.394901,0.0,0.0,0.0
0,3.595182,0.000000,0.728142,9.026891,13.600144,3.573793,19.398207,0.000000,0.000000,0.000000,0.367634,0.0,14.004326,0.0,0.0,0.0
0,3.681691,0.000000,0.837330,9.553714,14.347991,3.791073,20.015642,0.000000,0.000000,0.000000,0.090993,0.0,14.831253,0.0,0.0,0.0
0,4.560200,0.000000,0.599090,10.051354,15.250420,4.559457,21.301615,0.445761,0.000000,0.000000,0.953994,0.0,15.702625,0.0,0.0,0.0
0,4.908957,0.000000,0.899326,10.083837,15.008473,4.561570,21.811504,0.107732,0.000000,0.000000,1.541389,0.0,16.164366,0.0,0.0,0.0
0,4.541407,0.000000,0.000000,8.323115,12.490383,3.609048,17.271430,0.166681,0.000000,0.000000,1.559176,0.0,12.732335,0.0,0.0,0.0
0,4.235286,0.000000,0.275207,8.147993,12.470049,4.028916,17.464650,0.339085,0.000000,0.000000,0.992028,0.0,12.921016,0.0,0.0,0.0
0,4.828604,0.000000,0.641243,9.117030,13.738473,4.453861,19.911655,0.426415,0.000000,0.000000,1.751985,0.0,14.486740,0.0,0.0,0.0
0,3.858751,0.000000,0.910761,10.316332,15.393516,4.048860,21.399340,0.058998,0.000000,0.000000,0.711355,0.0,15.997549,0.0,0.0,0.0
0,5.703146,0.460876,0.000000,8.586754,12.783658,4.011584,16.192770,1.222919,0.000000,0.000000,3.211243,0.0,12.322508,0.0,0.0,0.0
0,4.560170,1.323982,0.000000,8.412379,12.085028,2.662513,15.189548,0.512400,0.000000,0.000000,2.540617,0.0,11.635096,0.0,0.0,0.0
0,5.390283,0.000000,0.206573,8.926587,13.938549,4.844614,19.563686,0.607964,0.000000,0.000000,1.706726,0.0,14.166227,0.0,0.0,0.0
0,4.471751,0.000000,0.433061,10.112731,14.800288,4.320355,21.016943,0.000000,0.000000,0.000000,0.760934,0.0,15.361821,0.0,0.0,0.0
0,4.572182,0.000000,0.494491,9.729762,14.299993,3.892761,19.902071,0.164714,0.000000,0.000000,1.193339,0.0,14.549144,0.0,0.0,0.0
0,3.848717,0.000000,0.825743,9.792262,14.739294,4.095241,20.823528,0.000000,0.000000,0.000000,0.385602,0.0,15.473800,0.0,0.0,0.0
0,3.386147,0.000000,1.530910,9.299381,13.988821,3.987657,20.660934,0.000000,0.000000,0.000000,0.666327,0.0,15.152262,0.0,0.0,0.0
0,3.284026,0.000000,0.844789,8.899877,13.227581,3.390854,18.803516,0.000000,0.000000,0.000000,0.235101,0.0,14.107239,0.0,0.0,0.0
0,6.294059,0.239222,0.000000,7.473977,11.297272,4.150462,15.192543,1.175585,0.000000,0.000000,3.654392,0.0,11.486502,0.0,0.0,0.0
0,3.501659,0.883738,0.201357,7.379700,10.906069,2.283771,14.613585,0.207203,0.000000,0.000000,1.540393,0.0,10.364592,0.0,0.0,0.0
0,4.342433,0.000000,0.819690,9.479017,14.258344,4.521408,20.466660,0.034239,0.000000,0.000000,0.812546,0.0,15.365045,0.0,0.0,0.0
0,3.507310,0.000000,1.109934,9.165914,13.718274,3.640159,19.641104,0.000000,0.000000,0.000000,0.102296,0.0,14.705049,0.0,0.0,0.0
0,4.229056,0.000000,0.346492,10.916766,15.712063,3.412707,21.760075,0.000000,0.000000,0.000000,1.375181,0.0,16.120975,0.0,0.0,0.0
0,5.604060,1.674993,0.000000,9.748401,13.526741,3.887664,17.102135,0.940325,0.000000,0.000000,3.585285,0.0,12.688764,0.0,0.0,0.0
0,4.160218,0.000000,0.297538,8.778374,13.491689,3.952103,18.877382,0.145697,0.000000,0.000000,0.905914,0.0,13.826044,0.0,0.0,0.0
0,5.971214,0.000000,0.000000,10.779763,16.283140,4.363939,22.425877,0.000000,0.000000,0.000000,1.578554,0.0,16.360052,0.0,0.0,0.0
0,5.546750,0.139840,0.000000,9.351865,14.048130,3.974055,19.117070,0.733143,0.000000,0.000000,2.764519,0.0,13.869743,0.0,0.0,0.0
0,3.284549,0.000000,1.032565,9.076823,13.526102,3.669236,19.111020,0.000000,0.000000,0.000000,0.174607,0.0,14.445531,0.0,0.0,0.0
0,4.425085,0.458395,0.211325,10.204414,14.576249,3.478416,20.587168,0.000000,0.000000,0.000000,1.437663,0.0,15.043091,0.0,0.0,0.0
0,4.578317,0.000000,0.711068,10.776279,16.015530,4.211504,22.011490,0.000000,0.000000,0.000000,0.363817,0.0,16.335287,0.0,0.0,0.0
0,4.211470,0.000000,1.347765,11.455276,16.610233,4.548299,23.772785,0.000000,0.000000,0.000000,0.720130,0.0,17.702717,0.0,0.0,0.0
0,3.105328,0.000000,0.874325,7.422169,11.416945,3.239111,16.414682,0.000000,0.000000,0.000000,0.318494,0.0,12.140319,0.0,0.0,0.0
0,3.972942,0.000000,0.649873,10.081636,15.045254,4.011369,20.902700,0.000000,0.000000,0.000000,0.395997,0.0,15.468946,0.0,0.0,0.0
0,6.412879,0.000000,0.058082,9.297797,14.411928,5.504083,20.416962,1.202681,0.000000,0.000000,3.178562,0.0,15.011716,0.0,0.0,0.0
0,5.694785,0.000000,0.630231,10.769780,16.206112,5.018892,23.115437,0.475939,0.000000,0.000000,1.796739,0.0,16.964876,0.0,0.0,0.0
0,3.231719,0.000000,0.837014,8.217420,12.632645,3.440637,18.166925,0.000000,0.000000,0.000000,0.333959,0.0,13.575769,0.0,0.0,0.0
0,3.882101,0.000000,0.693119,10.689993,15.908395,4.257497,21.861763,0.000000,0.000000,0.000000,0.837276,0.0,16.414547,0.0,0.0,0.0
0,8.907421,0.211738,0.000000,5.293621,7.526937,5.261863,11.727843,2.988199,0.000000,0.000000,7.347743,0.0,8.182079,0.0,0.0,0.0
0,6.637302,1.355999,0.000000,10.268549,14.880919,4.604561,19.926016,0.789815,0.000000,0.000000,3.386050,0.0,14.850662,0.0,0.0,0.0
0,5.567043,0.000000,1.042284,12.205670,18.219450,5.415007,25.902273,0.107151,0.000000,0.000000,0.875073,0.0,19.017963,0.0,0.0,0.0
0,7.277030,0.000000,0.000000,9.887042,15.113468,5.799110,21.369310,1.259545,0.000000,0.000000,3.396582,0.0,15.464994,0.0,0.0,0.0
0,8.446339,0.000000,0.000000,7.854733,11.926569,5.482542,16.777508,2.148650,0.000000,0.000000,5.812487,0.0,12.077218,0.0,0.0,0.0
0,4.621411,0.000000,1.118162,11.726861,17.471022,4.605141,24.637566,0.000000,0.000000,0.000000,0.733680,0.0,18.244830,0.0,0.0,0.0
0,6.837701,0.000000,0.000000,9.895120,15.354942,5.413232,21.720333,1.008535,0.000000,0.000000,2.951961,0.0,15.853807,0.0,0.0,0.0
0,5.440476,0.000000,0.000000,9.997063,15.059833,4.604115,21.198149,0.154038,0.000000,0.000000,1.482483,0.0,15.375013,0.0,0.0,0.0
0,5.734429,0.000000,0.000000,9.771252,14.582281,4.887686,19.686785,0.703431,0.000000,0.000000,2.236830,0.0,14.749327,0.0,0.0,0.0
0,5.722723,0.000000,1.349188,13.435517,20.090593,5.107276,28.767868,0.000000,0.000000,0.000000,0.453955,0.0,21.300531,0.0,0.0,0.0
0,7.920373,0.000000,0.000000,9.478716,14.454409,5.523936,21.155897,1.630701,0.000000,0.000000,4.560449,0.0,14.997847,0.0,0.0,0.0
0,10.473579,0.063877,0.000000,8.131399,12.539471,6.424622,18.699348,3.190335,0.000000,0.000000,7.498765,0.0,12.885364,0.0,0.0,0.0
0,6.767344,0.000000,0.000000,11.143718,16.833600,5.644676,23.607550,0.723930,0.000000,0.000000,2.534565,0.0,17.256820,0.0,0.0,0.0
0,8.019502,0.000000,0.000000,13.181681,19.800947,5.470668,27.970287,0.187753,0.000000,0.000000,2.879310,0.0,20.111652,0.0,0.0,0.0
0,6.736090,0.000000,0.163771,13.128466,19.570280,5.726780,27.038399,0.312393,0.000000,0.000000,2.291834,0.0,20.201248,0.0,0.0,0.0
0,7.404073,0.000000,0.226647,13.331471,19.959059,5.779816,27.925325,0.275965,0.000000,0.000000,2.630864,0.0,20.537773,0.0,0.0,0.0
0,8.650366,0.000000,0.000000,11.482752,17.118954,5.856286,23.646528,1.438258,0.000000,0.000000,3.992975,0.0,17.081367,0.0,0.0,0.0
1,5.689654,2.438960,0.000000,0.329268,0.000000,2.904966,0.173160,2.780112,0.000000,0.000000,6.250897,0.0,0.000000,0.0,0.0,0.0
1,6.687724,2.984976,0.000000,0.064073,0.000000,3.367484,0.000000,3.532786,0.000000,0.000000,7.467177,0.0,0.000000,0.0,0.0,0.0
1,7.853834,3.804400,0.000000,0.000000,0.000000,3.926001,0.000000,4.283290,0.000000,0.000000,8.719742,0.0,0.000000,0.0,0.0,0.0
1,8.029175,4.132410,0.000000,0.000000,0.000000,4.042679,0.000000,4.618964,0.000000,0.069055,9.170376,0.0,0.000000,0.0,0.0,0.0
1,6.358951,3.170059,0.000000,0.000000,0.000000,3.243353,0.000000,3.300024,0.000000,0.000000,7.115499,0.0,0.000000,0.0,0.0,0.0
1,7.632027,3.741041,0.000000,0.000000,0.000000,3.383861,0.000000,4.129655,0.000000,0.000000,8.711223,0.0,0.000000,0.0,0.0,0.0
1,8.031861,3.707594,0.000000,0.006672,0.000000,4.118293,0.000000,4.220619,0.000000,0.000000,8.750422,0.0,0.000000,0.0,0.0,0.0
1,7.672512,3.725490,0.000000,0.000000,0.000000,3.808313,0.000000,4.009257,0.000000,0.000000,8.506545,0.0,0.000000,0.0,0.0,0.0
1,6.734680,2.798649,0.000000,0.379464,0.000000,3.314846,0.000000,3.598761,0.000000,0.036088,7.382627,0.0,0.000000,0.0,0.0,0.0
1,7.636496,3.187904,0.000000,0.243831,0.000000,3.628321,0.000000,3.835568,0.000000,0.002454,8.294962,0.0,0.000000,0.0,0.0,0.0
1,8.480083,4.156192,0.000000,0.000000,0.000000,4.337246,0.000000,4.696956,0.000000,0.000000,9.411180,0.0,0.000000,0.0,0.0,0.0
1,8.950719,4.549234,0.000000,0.000000,0.000000,4.532261,0.000000,5.040711,0.000000,0.000000,10.083569,0.0,0.000000,0.0,0.0,0.0
1,7.819473,3.784030,0.000000,0.000000,0.000000,4.037675,0.000000,4.316403,0.000000,0.000000,8.798282,0.0,0.000000,0.0,0.0,0.0
1,8.472489,3.964802,0.000000,0.000000,0.000000,4.273996,0.000000,4.522636,0.000000,0.000000,9.240944,0.0,0.000000,0.0,0.0,0.0
1,8.992841,4.542204,0.000000,0.000000,0.000000,4.558905,0.000000,5.063817,0.000000,0.000000,10.152912,0.0,0.000000,0.0,0.0,0.0
1,8.746566,4.284978,0.000000,0.000000,0.000000,4.173316,0.000000,4.754891,0.000000,0.000000,9.810334,0.0,0.000000,0.0,0.0,0.0
1,7.851330,4.017478,0.000000,0.005960,0.000000,3.997666,0.000000,4.213558,0.000000,0.000000,9.202787,0.0,0.000000,0.0,0.0,0.0
1,8.927947,3.876796,0.000000,0.125141,0.000000,4.041710,0.000000,4.462378,0.000000,0.010538,9.849740,0.0,0.000000,0.0,0.0,0.0
1,6.911353,2.595122,0.000000,0.406796,0.000000,3.808976,0.469055,3.513022,0.000000,0.000000,7.291751,0.0,0.000000,0.0,0.0,0.0
1,8.713164,4.076815,0.000000,0.117335,0.000000,4.653996,0.000000,4.602160,0.000000,0.000000,9.746071,0.0,0.000000,0.0,0.0,0.0
1,7.227867,3.047725,0.000000,0.197975,0.000000,3.513390,0.000000,3.673688,0.000000,0.000000,7.978489,0.0,0.000000,0.0,0.0,0.0
1,9.281147,4.300510,0.000000,0.004346,0.000000,4.653497,0.000000,4.875897,0.000000,0.000000,10.251240,0.0,0.000000,0.0,0.0,0.0
1,9.151561,3.928516,0.000000,0.229906,0.000000,4.122095,0.000000,4.564347,0.000000,0.039637,10.178160,0.0,0.000000,0.0,0.0,0.0
1,8.399109,3.729128,0.000000,1.022744,0.883895,4.756238,1.714649,4.449950,0.000000,0.000000,9.409838,0.0,0.000000,0.0,0.0,0.0
1,7.972998,4.172961,0.000000,0.448720,0.000000,4.206658,0.252689,4.270781,0.000000,0.000000,9.262129,0.0,0.000000,0.0,0.0,0.0
1,8.338087,4.069712,0.000000,0.000000,0.000000,3.993040,0.000000,4.495307,0.000000,0.000000,9.341340,0.0,0.000000,0.0,0.0,0.0
1,9.275146,4.083366,0.000000,0.231907,0.000000,4.788859,0.357019,4.666463,0.000000,0.000000,10.151772,0.0,0.000000,0.0,0.0,0.0
1,9.072204,4.393174,0.000000,0.000000,0.000000,4.414743,0.000000,4.728294,0.000000,0.000000,10.073170,0.0,0.000000,0.0,0.0,0.0
1,9.899386,4.413852,0.000000,0.115572,0.000000,5.309612,0.000000,5.231731,0.000000,0.000000,10.852687,0.0,0.000000,0.0,0.0,0.0
1,9.544029,4.801071,0.000000,0.000000,0.000000,4.521827,0.000000,5.163748,0.000000,0.000000,10.823636,0.0,0.000000,0.0,0.0,0.0
1,7.219363,3.253946,0.000000,0.100306,0.000000,3.891276,0.000000,3.661609,0.000000,0.000000,8.000414,0.0,0.000000,0.0,0.0,0.0
1,8.049089,3.674260,0.000000,0.039753,0.000000,4.116325,0.000000,4.391285,0.000000,0.000000,9.053607,0.0,0.000000,0.0,0.0,0.0
1,9.038153,4.346879,0.000000,0.000000,0.000000,4.561047,0.000000,4.694074,0.000000,0.000000,9.931694,0.0,0.000000,0.0,0.0,0.0
1,8.267298,3.518432,0.000000,0.334743,0.000000,3.671515,0.000000,4.128373,0.000000,0.029120,9.284428,0.0,0.000000,0.0,0.0,0.0
1,10.174914,5.113006,0.000000,0.000000,0.000000,5.243505,0.000000,5.629354,0.000000,0.000000,11.377792,0.0,0.000000,0.0,0.0,0.0
1,9.669866,4.625264,0.000000,0.202702,0.000000,4.649683,0.000000,4.933423,0.000000,0.000000,10.975905,0.0,0.000000,0.0,0.0,0.0
1,10.214980,4.453231,0.000000,0.112673,0.000000,5.227924,0.180021,5.161256,0.000000,0.000000,10.971489,0.0,0.000000,0.0,0.0,0.0
1,9.529256,4.367534,0.000000,0.041781,0.000000,5.132894,0.000000,5.058824,0.000000,0.000000,10.426804,0.0,0.000000,0.0,0.0,0.0
1,8.385547,4.136464,0.000000,0.000000,0.000000,4.114560,0.000000,4.436472,0.000000,0.000000,9.528402,0.0,0.000000,0.0,0.0,0.0
1,9.196587,4.367268,0.000000,0.000000,0.000000,4.605003,0.000000,4.891814,0.000000,0.000000,10.206100,0.0,0.000000,0.0,0.0,0.0
1,10.790939,5.309896,0.000000,0.000000,0.000000,5.251875,0.000000,5.861412,0.000000,0.000000,12.091738,0.0,0.000000,0.0,0.0,0.0
1,9.545825,4.832418,0.000000,0.000000,0.000000,4.943491,0.000000,5.166585,0.000000,0.000000,10.901187,0.0,0.000000,0.0,0.0,0.0
1,9.470995,4.381733,0.000000,0.048901,0.000000,4.733823,0.000000,4.937318,0.000000,0.000000,10.664112,0.0,0.000000,0.0,0.0,0.0
1,10.154654,4.329431,0.000000,0.886406,0.000000,4.731031,0.285285,5.138950,0.000000,0.010725,11.129537,0.0,0.000000,0.0,0.0,0.0
1,10.681674,5.350789,0.000000,0.000000,0.000000,5.265251,0.000000,5.721476,0.000000,0.000000,12.188984,0.0,0.000000,0.0,0.0,0.0
1,9.045926,4.119852,0.000000,0.000000,0.000000,4.428628,0.000000,4.753976,0.000000,0.000000,10.118505,0.0,0.000000,0.0,0.0,0.0
1,9.007865,4.070874,0.000000,0.062959,0.000000,4.311078,0.000000,4.655004,0.000000,0.000000,10.055908,0.0,0.000000,0.0,0.0,0.0
1,10.106165,4.967955,0.000000,0.000000,0.000000,5.017816,0.000000,5.369548,0.000000,0.000000,11.225282,0.0,0.000000,0.0,0.0,0.0
1,10.939870,5.541021,0.000000,0.000000,0.000000,5.361460,0.000000,5.963382,0.000000,0.000000,12.328747,0.0,0.000000,0.0,0.0,0.0
1,10.133479,4.233454,0.000000,0.258993,0.000000,4.589200,0.000000,5.090573,0.000000,0.032306,11.161049,0.0,0.000000,0.0,0.0,0.0
1,8.166389,3.301636,0.000000,1.312117,1.017710,3.921719,1.633291,4.035206,0.000000,0.000000,8.915613,0.0,0.088713,0.0,0.0,0.0
1,8.676756,4.023486,0.000000,0.047846,0.000000,4.370148,0.000000,4.507190,0.000000,0.000000,9.759346,0.0,0.000000,0.0,0.0,0.0
1,8.546241,3.559813,0.000000,0.215358,0.000000,4.300036,0.000000,4.508459,0.000000,0.000000,9.513722,0.0,0.000000,0.0,0.0,0.0
1,9.294317,4.064153,0.000000,0.054122,0.000000,4.587933,0.000000,4.835544,0.000000,0.000000,10.224021,0.0,0.000000,0.0,0.0,0.0
1,10.460445,4.722253,0.000000,0.140963,0.000000,5.363958,0.227991,5.285540,0.000000,0.000000,11.331135,0.0,0.000000,0.0,0.0,0.0
1,10.729337,4.737439,0.000000,0.227592,0.000000,5.677820,0.000000,5.585836,0.000000,0.000000,11.672243,0.0,0.000000,0.0,0.0,0.0
1,11.458862,5.533416,0.000000,0.048462,0.000000,5.844721,0.000000,6.159626,0.000000,0.000000,13.115857,0.0,0.000000,0.0,0.0,0.0
1,10.005700,4.676092,0.000000,0.000000,0.000000,4.976021,0.000000,5.134537,0.000000,0.000000,11.004243,0.0,0.000000,0.0,0.0,0.0
1,9.737817,4.286557,0.000000,0.217175,0.000000,5.263661,0.000000,5.286917,0.000000,0.000000,10.654921,0.0,0.000000,0.0,0.0,0.0
1,9.601588,4.733172,0.000000,0.047178,0.000000,4.803189,0.000000,4.994619,0.000000,0.000000,10.810431,0.0,0.000000,0.0,0.0,0.0
1,8.869242,3.809153,0.000000,0.229069,0.000000,4.614299,0.000000,4.738210,0.000000,0.000000,9.783951,0.0,0.000000,0.0,0.0,0.0
1,10.245884,4.804355,0.000000,0.040359,0.000000,5.197303,0.000000,5.358962,0.000000,0.000000,11.377283,0.0,0.000000,0.0,0.0,0.0
1,9.756436,4.127359,0.000000,0.330000,0.000000,4.716220,0.000000,5.085530,0.000000,0.001928,10.730701,0.0,0.000000,0.0,0.0,0.0
1,9.633649,4.143193,0.000000,0.549457,0.000000,4.294200,0.000000,4.391417,0.000000,0.000000,10.836817,0.0,0.000000,0.0,0.0,0.0
1,9.811361,4.090626,0.000000,0.384027,0.000000,4.675307,0.000000,5.032947,0.000000,0.088228,10.840815,0.0,0.000000,0.0,0.0,0.0
1,10.006459,4.637315,0.000000,0.031845,0.000000,5.327962,0.000000,5.281635,0.000000,0.000000,11.117454,0.0,0.000000,0.0,0.0,0.0
1,9.708342,4.517487,0.000000,0.046780,0.000000,4.962553,0.000000,5.172355,0.000000,0.000000,10.851090,0.0,0.000000,0.0,0.0,0.0
1,10.401909,4.826825,0.000000,0.081024,0.000000,5.082149,0.000000,5.284325,0.000000,0.000000,11.524494,0.0,0.000000,0.0,0.0,0.0
1,11.432800,5.656927,0.000000,0.000000,0.000000,5.465024,0.000000,6.121027,0.000000,0.000000,12.939799,0.0,0.000000,0.0,0.0,0.0
1,10.796646,4.601301,0.000000,0.350740,0.000000,5.747012,0.179649,5.633141,0.000000,0.000000,11.775973,0.0,0.000000,0.0,0.0,0.0
1,9.254263,3.760615,0.000000,0.382827,0.000000,4.685206,0.000000,4.790485,0.000000,0.038211,10.015711,0.0,0.000000,0.0,0.0,0.0
1,9.360672,4.245146,0.000000,0.090790,0.000000,4.772914,0.000000,4.866730,0.000000,0.000000,10.401304,0.0,0.000000,0.0,0.0,0.0
1,11.318901,4.771689,0.000000,0.417459,0.000000,5.158320,0.000000,5.661876,0.000000,0.066457,12.284211,0.0,0.000000,0.0,0.0,0.0
1,10.909422,4.970188,0.000000,0.358152,0.000000,5.735836,0.334358,5.518679,0.000000,0.000000,12.007912,0.0,0.000000,0.0,0.0,0.0
1,10.113285,4.414976,0.000000,0.231774,0.000000,4.755875,0.000000,5.174045,0.000000,0.000000,11.199261,0.0,0.000000,0.0,0.0,0.0
1,10.993376,5.142597,0.000000,0.001746,0.000000,5.620704,0.000000,5.743614,0.000000,0.000000,12.155918,0.0,0.000000,0.0,0.0,0.0
1,11.776199,5.839990,0.000000,0.000000,0.000000,5.914386,0.000000,6.361385,0.000000,0.000000,13.361073,0.0,0.000000,0.0,0.0,0.0
1,11.003680,4.944086,0.000000,0.330321,0.000000,5.775688,0.080610,5.498540,0.000000,0.000000,12.068853,0.0,0.000000,0.0,0.0,0.0
1,12.124114,5.934817,0.000000,0.000000,0.000000,5.862411,0.000000,6.386368,0.000000,0.000000,13.549147,0.0,0.000000,0.0,0.0,0.0
1,9.831182,4.559061,0.000000,0.064386,0.000000,5.078098,0.000000,5.098149,0.000000,0.000000,10.903929,0.0,0.000000,0.0,0.0,0.0
1,11.733285,5.795593,0.000000,0.000000,0.000000,5.709583,0.000000,6.304887,0.000000,0.000000,13.178185,0.0,0.000000,0.0,0.0,0.0
1,9.468044,3.668660,0.000000,0.463307,0.000000,4.843879,0.062525,4.886451,0.000000,0.000000,10.132509,0.0,0.000000,0.0,0.0,0.0
1,10.912580,4.790164,0.000000,0.130576,0.000000,5.630138,0.000000,5.466517,0.000000,0.000000,11.874747,0.0,0.000000,0.0,0.0,0.0
1,12.046192,5.867510,0.000000,0.000000,0.000000,6.165551,0.000000,6.379947,0.000000,0.000000,13.358963,0.0,0.000000,0.0,0.0,0.0
1,10.348871,4.122346,0.000000,0.462681,0.000000,5.263897,0.000000,5.349774,0.000000,0.101770,11.193895,0.0,0.000000,0.0,0.0,0.0
1,12.225245,5.973582,0.000000,0.000000,0.000000,5.904713,0.000000,6.498584,0.000000,0.000000,13.805435,0.0,0.000000,0.0,0.0,0.0
1,7.931788,3.564703,0.000000,0.797551,0.289519,3.788925,0.468432,3.046145,0.000000,0.073041,9.735890,0.0,0.000000,0.0,0.0,0.0
1,11.370165,5.241453,0.000000,0.000000,0.000000,5.677989,0.000000,5.913540,0.000000,0.000000,12.584666,0.0,0.000000,0.0,0.0,0.0
1,10.720979,5.105620,0.000000,0.000000,0.000000,5.138131,0.000000,5.359935,0.000000,0.000000,11.844625,0.0,0.000000,0.0,0.0,0.0
1,9.788137,4.429234,0.000000,0.092546,0.000000,5.127326,0.000000,5.161543,0.000000,0.000000,10.960903,0.0,0.000000,0.0,0.0,0.0
1,11.271615,5.130605,0.000000,0.429930,0.000000,5.857612,0.445366,5.714873,0.000000,0.000000,12.530120,0.0,0.000000,0.0,0.0,0.0
1,12.897032,6.039931,0.000000,0.000000,0.000000,6.402481,0.000000,6.744663,0.000000,0.000000,14.123302,0.0,0.000000,0.0,0.0,0.0
1,10.872973,5.111368,0.000000,0.256857,0.000000,5.408809,0.000000,5.640119,0.000000,0.000000,12.500044,0.0,0.000000,0.0,0.0,0.0
1,12.651682,6.221156,0.000000,0.000000,0.000000,6.179301,0.000000,6.754119,0.000000,0.000000,14.191006,0.0,0.000000,0.0,0.0,0.0
1,12.070409,6.193900,0.000000,0.000000,0.000000,6.019621,0.000000,6.605848,0.000000,0.000000,13.798135,0.0,0.000000,0.0,0.0,0.0
1,11.094633,4.929570,0.000000,0.220324,0.000000,5.245579,0.000000,5.829267,0.000000,0.008120,12.411231,0.0,0.000000,0.0,0.0,0.0
1,10.456608,4.653144,0.000000,0.221556,0.000000,5.410606,0.136108,5.389609,0.000000,0.000000,11.542685,0.0,0.000000,0.0,0.0,0.0
1,10.264827,4.420454,0.000000,0.347969,0.000000,4.902034,0.000000,5.347846,0.000000,0.026293,11.323916,0.0,0.000000,0.0,0.0,0.0
1,10.332113,4.606117,0.000000,0.213073,0.000000,5.459184,0.000000,5.655714,0.000000,0.000000,11.416595,0.0,0.000000,0.0,0.0,0.0
1,12.128098,5.784716,0.000000,0.000000,0.000000,6.144528,0.000000,6.262583,0.000000,0.000000,13.396318,0.0,0.000000,0.0,0.0,0.0
1,10.716550,4.652384,0.000000,0.321447,0.000000,5.437891,0.000000,5.665402,0.000000,0.000000,11.740862,0.0,0.000000,0.0,0.0,0.0
1,12.468652,6.040700,0.000000,0.000000,0.000000,6.203759,0.000000,6.562487,0.000000,0.000000,13.801364,0.0,0.000000,0.0,0.0,0.0
1,10.239923,4.685713,0.000000,0.178979,0.000000,5.549382,0.000000,5.502134,0.000000,0.000000,11.370039,0.0,0.000000,0.0,0.0,0.0
1,10.887614,4.972599,0.000000,0.154511,0.000000,5.341431,0.000000,5.674126,0.000000,0.000000,12.177314,0.0,0.000000,0.0,0.0,0.0
1,10.803725,4.623062,0.000000,0.256234,0.000000,4.424622,0.000000,4.752716,0.000000,0.000000,12.190784,0.0,0.000000,0.0,0.0,0.0
1,12.771015,6.200172,0.000000,0.000000,0.000000,6.412878,0.000000,6.757619,0.000000,0.000000,14.221989,0.0,0.000000,0.0,0.0,0.0
1,11.316058,4.848094,0.000000,0.358420,0.000000,5.853759,0.267134,5.715756,0.000000,0.000000,12.215632,0.0,0.000000,0.0,0.0,0.0
1,11.590991,4.878957,0.000000,0.467623,0.000000,5.622022,0.000000,6.102839,0.000000,0.000000,12.465444,0.0,0.000000,0.0,0.0,0.0
1,11.479939,5.002681,0.000000,0.293289,0.000000,5.192153,0.000000,5.631667,0.000000,0.000000,12.618665,0.0,0.000000,0.0,0.0,0.0
1,10.384616,4.826003,0.000000,0.151609,0.000000,5.571687,0.000000,5.393647,0.000000,0.000000,11.567271,0.0,0.000000,0.0,0.0,0.0
1,11.447882,5.532920,0.000000,0.044244,0.000000,5.726603,0.000000,5.823639,0.000000,0.000000,12.718437,0.0,0.000000,0.0,0.0,0.0
1,10.083376,4.275223,0.000000,0.247123,0.000000,5.390434,0.000000,5.194032,0.000000,0.000000,10.981782,0.0,0.000000,0.0,0.0,0.0
1,12.733661,6.141523,0.000000,0.000000,0.000000,6.354751,0.000000,6.810681,0.000000,0.000000,14.061626,0.0,0.000000,0.0,0.0,0.0
1,11.278488,5.370281,0.000000,0.000000,0.000000,5.642141,0.000000,5.685528,0.000000,0.000000,12.457889,0.0,0.000000,0.0,0.0,0.0
1,9.608233,3.814038,0.000000,1.075718,0.846890,4.554514,2.482971,4.224453,0.000000,0.000000,9.888782,0.0,0.452002,0.0,0.0,0.0
1,12.617377,6.061601,0.000000,0.000000,0.000000,6.169298,0.000000,6.547579,0.000000,0.000000,14.180515,0.0,0.000000,0.0,0.0,0.0
1,12.447065,6.167918,0.000000,0.000000,0.000000,6.158385,0.000000,6.649420,0.000000,0.000000,14.100827,0.0,0.000000,0.0,0.0,0.0
1,9.769934,4.228030,0.000000,0.067616,0.000000,5.076130,0.000000,4.979395,0.000000,0.000000,10.923319,0.0,0.000000,0.0,0.0,0.0
1,12.377858,5.880371,0.000000,0.000000,0.000000,6.107257,0.000000,6.411549,0.000000,0.000000,13.749679,0.0,0.000000,0.0,0.0,0.0
1,10.824879,4.366610,0.000000,0.411357,0.000000,5.287089,0.000000,5.486751,0.000000,0.000000,11.750203,0.0,0.000000,0.0,0.0,0.0
1,12.098062,6.202807,0.000000,0.000000,0.000000,5.973758,0.000000,6.578588,0.000000,0.000000,13.866176,0.0,0.000000,0.0,0.0,0.0
1,12.331889,6.282782,0.000000,0.000000,0.000000,6.149497,0.000000,6.806809,0.000000,0.000000,13.925825,0.0,0.000000,0.0,0.0,0.0
1,12.692172,5.985838,0.000000,0.000000,0.000000,6.272541,0.000000,6.478285,0.000000,0.000000,14.191340,0.0,0.000000,0.0,0.0,0.0
1,12.883730,6.403157,0.000000,0.000000,0.000000,6.399336,0.000000,6.889062,0.000000,0.000000,14.388905,0.0,0.000000,0.0,0.0,0.0
1,12.681627,5.520230,0.000000,0.385654,0.000000,5.772037,0.000000,6.225100,0.000000,0.031169,14.058561,0.0,0.000000,0.0,0.0,0.0
1,11.038066,4.488426,0.000000,0.410008,0.000000,5.584585,0.000000,5.698969,0.000000,0.059976,11.901046,0.0,0.000000,0.0,0.0,0.0
1,11.076365,4.061401,0.000000,0.805836,0.000000,5.447979,0.651206,5.394755,0.000000,0.015530,11.543557,0.0,0.000000,0.0,0.0,0.0
1,13.529064,6.399179,0.000000,0.000000,0.000000,6.787123,0.000000,7.092240,0.000000,0.000000,15.228773,0.0,0.000000,0.0,0.0,0.0
1,12.084023,5.557616,0.000000,0.149822,0.000000,6.325099,0.073587,6.247832,0.000000,0.000000,13.193457,0.0,0.000000,0.0,0.0,0.0
1,10.723885,4.470025,0.000000,0.688886,0.000000,5.770807,0.717721,5.531422,0.000000,0.000000,11.595501,0.0,0.000000,0.0,0.0,0.0
1,13.171451,6.415289,0.000000,0.000000,0.000000,6.530851,0.000000,6.962482,0.000000,0.000000,15.015209,0.0,0.000000,0.0,0.0,0.0
1,11.808927,5.121981,0.000000,0.145566,0.000000,5.459214,0.000000,5.932292,0.000000,0.000000,13.038085,0.0,0.000000,0.0,0.0,0.0
1,12.350348,5.560835,0.000000,0.038497,0.000000,6.320838,0.000000,6.162964,0.000000,0.000000,13.531864,0.0,0.000000,0.0,0.0,0.0
1,12.544941,5.594282,0.000000,0.076881,0.000000,6.254451,0.000000,6.264656,0.000000,0.000000,13.723051,0.0,0.000000,0.0,0.0,0.0
1,11.999968,5.211099,0.000000,0.265575,0.000000,5.578058,0.000000,6.198035,0.000000,0.000000,13.299263,0.0,0.000000,0.0,0.0,0.0
1,12.350533,6.109750,0.000000,0.000000,0.000000,6.251067,0.000000,6.579476,0.000000,0.000000,13.705059,0.0,0.000000,0.0,0.0,0.0
1,11.406078,5.113071,0.000000,0.289699,0.000000,6.112108,0.000000,5.966497,0.000000,0.000000,12.572183,0.0,0.000000,0.0,0.0,0.0
1,12.508740,4.961305,0.000000,0.721430,0.000000,6.001308,0.036291,6.125639,0.000000,0.022378,13.417962,0.0,0.000000,0.0,0.0,0.0
1,11.212313,4.997469,0.000000,0.195871,0.000000,5.853136,0.000000,5.903183,0.000000,0.000000,12.398295,0.0,0.000000,0.0,0.0,0.0
1,10.904655,4.551476,0.000000,0.518048,0.000000,5.519793,0.000000,5.651029,0.000000,0.000000,11.868608,0.0,0.000000,0.0,0.0,0.0
1,11.429216,5.379021,0.000000,0.222493,0.000000,5.867001,0.000000,5.804861,0.000000,0.000000,12.801240,0.0,0.000000,0.0,0.0,0.0
1,11.393666,4.622539,0.000000,0.419307,0.000000,5.806631,0.032312,5.826625,0.000000,0.000000,12.489248,0.0,0.000000,0.0,0.0,0.0
1,12.001424,5.771193,0.000000,0.358847,0.000000,6.099852,0.000000,6.408220,0.000000,0.000000,13.867215,0.0,0.000000,0.0,0.0,0.0
1,12.941576,6.174002,0.000000,0.000000,0.000000,6.627893,0.000000,6.709876,0.000000,0.000000,14.398254,0.0,0.000000,0.0,0.0,0.0
1,12.909429,6.165315,0.000000,0.000000,0.000000,6.564458,0.000000,6.689310,0.000000,0.000000,14.261859,0.0,0.000000,0.0,0.0,0.0
1,13.296275,6.442570,0.000000,0.000000,0.000000,6.652705,0.000000,6.835993,0.000000,0.000000,14.829576,0.0,0.000000,0.0,0.0,0.0
1,11.586414,4.616276,0.000000,0.547439,0.000000,5.879481,0.524287,5.778156,0.000000,0.000000,12.559358,0.0,0.000000,0.0,0.0,0.0
1,12.775262,6.133168,0.000000,0.039980,0.000000,6.744379,0.000000,6.701075,0.000000,0.000000,14.172914,0.0,0.000000,0.0,0.0,0.0
1,11.933260,5.554938,0.000000,0.000000,0.000000,5.857613,0.000000,6.042193,0.000000,0.000000,13.305387,0.0,0.000000,0.0,0.0,0.0
1,11.966000,4.721972,0.000000,0.661238,0.000000,6.324809,0.960922,6.042110,0.000000,0.000000,12.779625,0.0,0.000000,0.0,0.0,0.0
1,11.008337,4.702494,0.000000,0.206360,0.000000,5.756326,0.000000,5.613383,0.000000,0.000000,12.111179,0.0,0.000000,0.0,0.0,0.0
1,11.771215,4.123441,0.000000,1.559742,1.259783,5.923898,2.289331,5.910765,0.000000,0.220211,12.634878,0.0,0.022832,0.0,0.0,0.0
1,12.666500,5.781985,0.000000,0.056481,0.000000,6.312336,0.000000,6.361949,0.000000,0.000000,13.874537,0.0,0.000000,0.0,0.0,0.0
1,11.936635,4.932711,0.000000,0.361481,0.000000,5.773507,0.000000,6.019125,0.000000,0.000000,12.886886,0.0,0.000000,0.0,0.0,0.0
1,13.263000,6.569006,0.000000,0.000000,0.000000,6.486517,0.000000,7.119965,0.000000,0.000000,15.116788,0.0,0.000000,0.0,0.0,0.0
1,11.614598,4.945326,0.000000,0.271034,0.000000,5.990719,0.000000,5.874952,0.000000,0.000000,12.767394,0.0,0.000000,0.0,0.0,0.0
1,13.675184,6.416161,0.000000,0.000000,0.000000,6.620899,0.000000,7.073659,0.000000,0.000000,15.088946,0.0,0.000000,0.0,0.0,0.0
1,13.952468,6.113298,0.000000,0.406791,0.000000,7.050384,0.688924,6.805671,0.000000,0.000000,15.261351,0.0,0.000000,0.0,0.0,0.0
1,13.334760,5.557392,0.000000,0.781459,0.000000,6.282422,0.222691,6.549080,0.000000,0.000000,14.709696,0.0,0.000000,0.0,0.0,0.0
1,14.300549,6.845857,0.000000,0.085403,0.000000,7.302508,0.000000,7.328542,0.000000,0.000000,16.165308,0.0,0.000000,0.0,0.0,0.0
1,13.300074,6.237105,0.000000,0.000000,0.000000,6.330710,0.000000,6.848232,0.000000,0.000000,14.776590,0.0,0.000000,0.0,0.0,0.0
1,12.292456,5.666881,0.000000,0.390886,0.000000,6.298141,0.000000,6.268782,0.000000,0.000000,13.538571,0.0,0.000000,0.0,0.0,0.0
1,13.487356,6.078638,0.000000,0.147743,0.000000,6.950867,0.100044,6.869971,0.000000,0.000000,14.723259,0.0,0.000000,0.0,0.0,0.0
1,13.133058,5.742125,0.000000,0.245449,0.000000,5.958144,0.000000,6.584549,0.000000,0.000000,14.377741,0.0,0.000000,0.0,0.0,0.0
1,12.973227,6.320752,0.000000,0.000000,0.000000,6.509735,0.000000,6.963596,0.000000,0.000000,14.777007,0.0,0.000000,0.0,0.0,0.0
1,14.551674,6.647646,0.000000,0.032003,0.000000,7.396251,0.000000,7.306255,0.000000,0.000000,16.070122,0.0,0.000000,0.0,0.0,0.0
1,13.354494,5.905990,0.000000,0.354897,0.000000,6.763795,0.410883,6.720757,0.000000,0.000000,14.578565,0.0,0.000000,0.0,0.0,0.0
1,13.626280,6.589843,0.000000,0.000000,0.000000,6.595480,0.000000,7.065952,0.000000,0.000000,15.365490,0.0,0.000000,0.0,0.0,0.0
1,14.014820,6.765913,0.000000,0.000000,0.000000,7.062564,0.000000,7.302139,0.000000,0.000000,15.612124,0.0,0.000000,0.0,0.0,0.0
1,13.841014,6.583560,0.000000,0.000000,0.000000,6.777404,0.000000,7.022810,0.000000,0.000000,15.371894,0.0,0.000000,0.0,0.0,0.0
1,11.982290,5.150963,0.000000,0.390331,0.000000,6.308329,0.000000,6.075685,0.000000,0.000000,13.226620,0.0,0.000000,0.0,0.0,0.0
1,9.836468,3.207941,0.000000,1.736428,2.136727,6.003732,3.058911,4.976838,0.000000,0.000000,10.211858,0.0,1.104080,0.0,0.0,0.0
1,13.910675,6.423584,0.000000,0.062849,0.000000,6.830656,0.000000,6.791918,0.000000,0.000000,15.435782,0.0,0.000000,0.0,0.0,0.0
1,14.553048,6.649566,0.000000,0.105991,0.000000,7.416631,0.000000,7.211350,0.000000,0.000000,15.737021,0.0,0.000000,0.0,0.0,0.0
1,13.332639,5.951723,0.000000,0.094229,0.000000,6.506604,0.000000,6.315487,0.000000,0.000000,14.595249,0.0,0.000000,0.0,0.0,0.0
1,13.051515,5.749906,0.000000,0.215472,0.000000,6.249029,0.000000,6.639224,0.000000,0.000000,14.359447,0.0,0.000000,0.0,0.0,0.0
1,12.238609,5.164798,0.000000,2.237086,2.327892,6.534224,3.332677,6.435027,0.000000,0.000000,13.644200,0.0,0.593629,0.0,0.0,0.0
1,14.110535,6.740514,0.000000,0.228078,0.000000,7.142317,0.000000,7.317747,0.000000,0.000000,16.236347,0.0,0.000000,0.0,0.0,0.0
1,13.568153,6.186179,0.000000,0.107946,0.000000,6.678298,0.000000,6.557880,0.000000,0.000000,14.742407,0.0,0.000000,0.0,0.0,0.0
1,12.141036,4.770603,0.000000,1.184422,0.297164,6.116226,1.112372,5.941598,0.000000,0.000000,13.403677,0.0,0.000000,0.0,0.0,0.0
1,11.997814,4.892319,0.000000,0.411815,0.000000,6.155386,0.000000,5.956241,0.000000,0.000000,13.089131,0.0,0.000000,0.0,0.0,0.0
1,13.980601,5.823890,0.000000,0.490567,0.000000,6.950049,0.000000,7.118491,0.000000,0.000000,15.116541,0.0,0.000000,0.0,0.0,0.0
1,15.477358,7.120534,0.000000,0.000000,0.000000,7.784680,0.000000,7.899914,0.000000,0.000000,17.197449,0.0,0.000000,0.0,0.0,0.0
1,14.189335,6.194539,0.000000,0.463158,0.000000,7.173535,0.590996,7.055651,0.000000,0.000000,15.426279,0.0,0.000000,0.0,0.0,0.0
1,12.062215,4.845694,0.000000,0.544142,0.000000,6.259255,0.327342,6.158203,0.000000,0.000000,12.832039,0.0,0.000000,0.0,0.0,0.0
1,14.155028,5.786009,0.000000,0.587571,0.000000,7.228842,1.135310,6.971082,0.000000,0.000000,15.113106,0.0,0.000000,0.0,0.0,0.0
1,13.027483,5.600939,0.000000,0.233040,0.000000,6.357151,0.000000,6.667488,0.000000,0.000000,14.341533,0.0,0.000000,0.0,0.0,0.0
1,15.557101,7.104323,0.000000,0.000000,0.000000,7.745003,0.000000,7.730126,0.000000,0.000000,17.225826,0.0,0.000000,0.0,0.0,0.0
1,13.672800,5.860803,0.000000,0.529062,0.000000,7.099801,0.473507,6.770588,0.000000,0.000000,14.834085,0.0,0.000000,0.0,0.0,0.0
1,13.597789,6.171041,0.000000,0.363175,0.000000,6.536151,0.753125,6.547392,0.000000,0.000000,14.795854,0.0,0.000000,0.0,0.0,0.0
1,13.352975,5.637442,0.000000,0.622717,0.000000,7.025980,0.458922,6.796865,0.000000,0.000000,14.509327,0.0,0.000000,0.0,0.0,0.0
1,13.541977,5.424476,0.000000,0.860050,0.000000,6.869955,0.401484,6.768896,0.000000,0.000000,14.769462,0.0,0.000000,0.0,0.0,0.0
1,14.678620,6.952468,0.000000,0.000000,0.000000,7.450682,0.000000,7.564650,0.000000,0.000000,16.454515,0.0,0.000000,0.0,0.0,0.0
1,13.652114,5.641308,0.000000,0.521079,0.000000,6.918795,0.416065,6.708334,0.000000,0.000000,14.804812,0.0,0.000000,0.0,0.0,0.0
1,14.463315,6.605879,0.000000,0.163083,0.000000,7.505163,0.000000,7.563903,0.000000,0.000000,15.908517,0.0,0.000000,0.0,0.0,0.0
1,12.937634,5.579411,0.000000,0.192976,0.000000,6.523447,0.000000,6.501601,0.000000,0.000000,14.243078,0.0,0.000000,0.0,0.0,0.0
1,14.964546,6.912838,0.000000,0.000000,0.000000,7.434387,0.000000,7.414847,0.000000,0.000000,16.420279,0.0,0.000000,0.0,0.0,0.0
1,13.451088,5.694324,0.000000,0.358312,0.000000,6.967106,0.323773,6.710874,0.000000,0.000000,14.736055,0.0,0.000000,0.0,0.0,0.0
1,12.773177,4.748300,0.000000,1.069543,0.447132,6.656796,1.600823,6.194861,0.000000,0.000000,13.546326,0.0,0.000000,0.0,0.0,0.0
1,14.437864,5.899373,0.000000,1.303336,0.461869,7.537503,2.375012,6.864957,0.000000,0.000000,15.526248,0.0,0.091265,0.0,0.0,0.0
1,14.107229,5.827800,0.000000,0.615948,0.000000,7.201282,0.569972,6.919663,0.000000,0.000000,15.244210,0.0,0.000000,0.0,0.0,0.0
1,13.888137,5.901035,0.000000,0.448975,0.000000,7.024201,0.456543,6.744513,0.000000,0.000000,14.983291,0.0,0.000000,0.0,0.0,0.0
1,14.821268,6.547506,0.000000,0.176207,0.000000,7.472875,0.000000,7.253822,0.000000,0.000000,16.476706,0.0,0.000000,0.0,0.0,0.0
1,13.650160,6.012756,0.000000,0.462125,0.000000,6.958370,0.000000,7.185522,0.000000,0.000000,14.957597,0.0,0.000000,0.0,0.0,0.0
1,14.312715,5.264353,0.000000,1.369604,0.137889,7.396104,2.016836,6.993685,0.000000,0.000000,15.246121,0.0,0.000000,0.0,0.0,0.0
1,14.130335,5.847729,0.000000,1.134885,0.000000,7.143221,1.470998,7.017614,0.000000,0.000000,15.254761,0.0,0.000000,0.0,0.0,0.0
1,16.362804,7.632669,0.000000,0.161438,0.000000,8.055020,0.000000,8.154286,0.000000,0.000000,18.227590,0.0,0.000000,0.0,0.0,0.0
1,14.510831,5.920051,0.000000,1.260892,0.447285,7.463877,2.261265,7.073587,0.000000,0.000000,15.523439,0.0,0.000000,0.0,0.0,0.0
1,14.620371,5.926651,0.000000,1.092403,0.000000,7.430173,1.136150,7.384236,0.000000,0.000000,15.619159,0.0,0.000000,0.0,0.0,0.0
1,14.847801,5.853764,0.000000,1.531953,0.672232,7.759345,2.552207,7.268214,0.000000,0.000000,15.763537,0.0,0.008384,0.0,0.0,0.0
1,15.521236,5.683114,0.000000,1.515913,0.473844,8.017913,2.608639,7.611864,0.000000,0.000000,16.118073,0.0,0.000000,0.0,0.0,0.0
1,16.252775,6.692934,0.000000,1.425326,0.640874,8.385468,2.787388,7.898413,0.000000,0.000000,17.741924,0.0,0.000000,0.0,0.0,0.0
1,15.798158,6.209727,0.000000,1.273764,0.000000,8.208315,2.248538,7.538841,0.000000,0.000000,16.880682,0.0,0.000000,0.0,0.0,0.0
1,16.269545,5.334681,0.000000,2.864752,2.795672,8.660785,5.837565,7.415720,0.000000,0.000000,16.239866,0.0,2.715769,0.0,0.0,0.0
1,15.973671,6.356605,0.000000,1.426185,0.549455,8.271425,2.670922,7.668739,0.000000,0.000000,16.890152,0.0,0.039042,0.0,0.0,0.0
1,15.046014,5.361324,0.000000,2.233632,1.475817,7.875587,3.965015,7.043916,0.000000,0.000000,15.868845,0.0,1.125067,0.0,0.0,0.0
1,16.365776,5.755367,0.000000,2.248446,1.588669,8.330855,3.883614,7.802420,0.000000,0.000000,16.687775,0.0,0.728236,0.0,0.0,0.0
1,15.439491,4.933600,0.000000,2.460225,2.014644,8.034627,4.789888,7.169028,0.000000,0.000000,15.870867,0.0,1.530979,0.0,0.0,0.0
1,15.553350,5.343259,0.000000,2.815458,2.767667,8.537220,5.772162,7.402218,0.000000,0.000000,16.181957,0.0,2.327921,0.0,0.0,0.0
1,15.378043,5.276258,0.000000,3.020054,3.022778,8.199995,6.217991,7.046896,0.000000,0.000000,15.764487,0.0,2.722582,0.0,0.0,0.0
