0,0.0,0.438403,0.529099,1.061837,0.0,0.013560,0.115365,0.000000,0.619694,0.0
0,0.0,0.423376,0.516535,1.064429,0.0,0.010841,0.103192,0.000000,0.637393,0.0
0,0.0,0.419102,0.522711,1.026744,0.0,0.051474,0.084236,0.000000,0.657868,0.0
0,0.0,0.398441,0.481933,1.121001,0.0,0.000000,0.101821,0.000000,0.650089,0.0
0,0.0,0.388706,0.469806,1.137832,0.0,0.000000,0.099392,0.000000,0.656722,0.0
0,0.0,0.370660,0.469889,1.083286,0.0,0.000000,0.064006,0.000000,0.696371,0.0
0,0.0,0.346607,0.448751,1.091338,0.0,0.000000,0.045927,0.000000,0.723457,0.0
0,0.0,0.334919,0.417398,1.175374,0.0,0.000000,0.066002,0.000000,0.711060,0.0
0,0.0,0.299487,0.394876,1.154490,0.0,0.000000,0.027576,0.000000,0.761405,0.0
0,0.0,0.297630,0.386847,1.179425,0.0,0.000000,0.034938,0.000000,0.755740,0.0
0,0.0,0.272592,0.351930,1.276324,0.0,0.000000,0.046624,0.000000,0.770958,0.0
0,0.0,0.284954,0.350702,1.386617,0.0,0.000000,0.094742,0.000000,0.747022,0.0
0,0.0,0.279232,0.347916,1.374351,0.0,0.000000,0.085531,0.000000,0.755801,0.0
0,0.0,0.240727,0.320100,1.396721,0.0,0.000000,0.058874,0.000000,0.808660,0.0
0,0.0,0.211651,0.298978,1.414976,0.0,0.000000,0.039204,0.000000,0.848493,0.0
0,0.0,0.194039,0.283357,1.458702,0.0,0.000000,0.038290,0.000000,0.870685,0.0
0,0.0,0.207810,0.287298,1.521353,0.0,0.000000,0.066689,0.000000,0.852688,0.0
0,0.0,0.257075,0.310735,1.641902,0.0,0.000000,0.114962,0.000000,0.813525,0.0
0,0.0,0.222678,0.292643,1.579287,0.0,0.000000,0.081997,0.000000,0.846335,0.0
0,0.0,0.200523,0.280950,1.539445,0.0,0.000000,0.060781,0.000000,0.867591,0.0
0,0.0,0.164455,0.255699,1.552080,0.0,0.000000,0.028896,0.000000,0.921853,0.0
0,0.0,0.201442,0.270966,1.671624,0.0,0.000000,0.066133,0.000000,0.899815,0.0
0,0.0,0.203424,0.268199,1.722724,0.0,0.000000,0.069660,0.000000,0.909970,0.0
0,0.0,0.184162,0.256462,1.707683,0.0,0.000000,0.051886,0.000000,0.933422,0.0
0,0.0,0.207633,0.268249,1.757369,0.0,0.000000,0.074618,0.000000,0.912799,0.0
0,0.0,0.189478,0.258841,1.722556,0.0,0.000000,0.057159,0.000000,0.929668,0.0
0,0.0,0.136021,0.224915,1.697652,0.0,0.000000,0.008408,0.000000,0.999024,0.0
0,0.0,0.617619,0.464856,2.750757,0.0,0.000000,0.477095,0.031386,0.581151,0.0
0,0.0,0.609553,0.454743,2.808999,0.0,0.000000,0.471833,0.029170,0.607432,0.0
0,0.0,0.209083,0.244284,2.068313,0.0,0.000000,0.086573,0.000000,0.989611,0.0
0,0.0,0.182489,0.225299,2.082200,0.0,0.000000,0.063221,0.000000,1.030779,0.0
0,0.0,0.184397,0.225694,2.093265,0.0,0.000000,0.065310,0.000000,1.030884,0.0
0,0.0,0.587801,0.427369,2.968304,0.0,0.000000,0.457831,0.023603,0.678541,0.0
0,0.0,0.174907,0.214495,2.153370,0.0,0.000000,0.058866,0.000000,1.059563,0.0
0,0.0,0.577746,0.414728,3.041672,0.0,0.000000,0.451337,0.020981,0.711382,0.0
0,0.0,0.191884,0.218649,2.243818,0.0,0.000000,0.077177,0.000000,1.058471,0.0
0,0.0,0.575658,0.412057,3.057915,0.0,0.000000,0.450072,0.020618,0.718310,0.0
0,0.0,0.575015,0.411274,3.062045,0.0,0.000000,0.449610,0.020349,0.720349,0.0
0,0.0,0.141527,0.191695,2.157972,0.0,0.000000,0.029115,0.000000,1.107981,0.0
0,0.0,0.148814,0.193613,2.195114,0.0,0.000000,0.036917,0.000000,1.107086,0.0
0,0.0,0.142312,0.188172,2.208471,0.0,0.000000,0.031549,0.000000,1.119677,0.0
0,0.0,0.181920,0.205527,2.323947,0.0,0.000000,0.070995,0.000000,1.092898,0.0
0,0.0,0.150789,0.186598,2.299130,0.0,0.000000,0.042252,0.000000,1.130671,0.0
0,0.0,0.561281,0.393931,3.163952,0.0,0.000000,0.440881,0.017075,0.765387,0.0
0,0.0,0.177545,0.198309,2.377285,0.0,0.000000,0.068902,0.000000,1.112620,0.0
0,0.0,0.558482,0.390455,3.183430,0.0,0.000000,0.438993,0.016173,0.774428,0.0
0,0.0,0.124053,0.165344,2.340113,0.0,0.000000,0.019700,0.000000,1.178913,0.0
0,0.0,0.549717,0.379432,3.247457,0.0,0.000000,0.433337,0.013899,0.803065,0.0
0,0.0,0.174881,0.187746,2.486663,0.0,0.000000,0.070264,0.000000,1.144132,0.0
0,0.0,0.157901,0.178597,2.458468,0.0,0.000000,0.054084,0.000000,1.161017,0.0
0,0.0,0.153717,0.175558,2.461298,0.0,0.000000,0.050432,0.000000,1.167658,0.0
0,0.0,0.544510,0.372870,3.285776,0.0,0.000000,0.430000,0.012600,0.820107,0.0
0,0.0,0.543329,0.371473,3.292452,0.0,0.000000,0.429075,0.011939,0.823758,0.0
0,0.0,0.141500,0.167760,2.456159,0.0,0.000000,0.039309,0.000000,1.183648,0.0
0,0.0,0.540411,0.367929,3.310984,0.0,0.000000,0.426959,0.010676,0.832995,0.0
0,0.0,0.199144,0.194651,2.603863,0.0,0.000000,0.096020,0.000000,1.139511,0.0
0,0.0,0.538829,0.365716,3.327494,0.0,0.000000,0.426353,0.011166,0.838691,0.0
0,0.0,0.151933,0.169421,2.522878,0.0,0.000000,0.050944,0.000000,1.185801,0.0
0,0.0,0.162808,0.171237,2.591349,0.0,0.000000,0.063034,0.000000,1.187774,0.0
0,0.0,0.527910,0.352174,3.403054,0.0,0.000000,0.418956,0.007570,0.873917,0.0
0,0.0,0.526870,0.350809,3.411899,0.0,0.000000,0.418389,0.007527,0.877447,0.0
0,0.0,0.160015,0.165104,2.644406,0.0,0.000000,0.062350,0.000000,1.205183,0.0
0,0.0,0.142854,0.152667,2.655693,0.0,0.000000,0.047360,0.000000,1.232339,0.0
0,0.0,0.140874,0.150810,2.662253,0.0,0.000000,0.045811,0.000000,1.236805,0.0
0,0.0,0.181222,0.168594,2.778580,0.0,0.000000,0.085949,0.000000,1.209195,0.0
0,0.0,0.510854,0.330540,3.531745,0.0,0.000000,0.408294,0.003893,0.930074,0.0
0,0.0,0.157261,0.150755,2.800237,0.0,0.000000,0.065222,0.000000,1.248606,0.0
0,0.0,0.128364,0.135123,2.753033,0.0,0.000000,0.037713,0.000000,1.277538,0.0
0,0.0,0.179225,0.159581,2.874221,0.0,0.000000,0.087437,0.000000,1.236278,0.0
0,0.0,0.163361,0.150011,2.860623,0.0,0.000000,0.072757,0.000000,1.255286,0.0
0,0.0,0.500091,0.317007,3.610300,0.0,0.000000,0.401343,0.001089,0.965231,0.0
0,0.0,0.160667,0.139451,2.969705,0.0,0.000000,0.074081,0.000000,1.286766,0.0
0,0.0,0.121190,0.116879,2.920383,0.0,0.000000,0.037020,0.000000,1.330138,0.0
0,0.0,0.123511,0.117681,2.929831,0.0,0.000000,0.039423,0.000000,1.329249,0.0
0,0.0,0.486742,0.300336,3.705221,0.0,0.000000,0.392512,0.000000,1.008568,0.0
0,0.0,0.483951,0.296696,3.728492,0.0,0.000000,0.390953,0.000000,1.017992,0.0
0,0.0,0.182303,0.144582,3.087011,0.0,0.000000,0.097486,0.000000,1.285892,0.0
0,0.0,0.147631,0.125805,3.030619,0.0,0.000000,0.064488,0.000000,1.320669,0.0
0,0.0,0.478341,0.289726,3.767599,0.0,0.000000,0.387176,0.000000,1.036121,0.0
0,0.0,0.162326,0.129314,3.109992,0.0,0.000000,0.080374,0.000000,1.319999,0.0
0,0.0,0.137719,0.114291,3.091133,0.0,0.000000,0.057681,0.000000,1.350048,0.0
0,0.0,0.147345,0.119119,3.111591,0.0,0.000000,0.067007,0.000000,1.341611,0.0
0,0.0,0.470529,0.279883,3.825068,0.0,0.000000,0.382169,0.000000,1.061686,0.0
0,0.0,0.469944,0.279137,3.829562,0.0,0.000000,0.381810,0.000000,1.063621,0.0
0,0.0,0.469567,0.278859,3.827976,0.0,0.000000,0.381204,0.000000,1.064391,0.0
0,0.0,0.461987,0.269113,3.888074,0.0,0.000000,0.376708,0.000000,1.089659,0.0
0,0.0,0.461375,0.268442,3.890363,0.0,0.000000,0.376131,0.000000,1.091425,0.0
0,0.0,0.459164,0.265574,3.908469,0.0,0.000000,0.374868,0.000000,1.098855,0.0
0,0.0,0.157403,0.113577,3.264959,0.0,0.000000,0.081274,0.000000,1.366272,0.0
0,0.0,0.157173,0.111424,3.289880,0.0,0.000000,0.081922,0.000000,1.372918,0.0
0,0.0,0.456136,0.261786,3.930126,0.0,0.000000,0.372875,0.000000,1.108701,0.0
0,0.0,0.455674,0.261235,3.932829,0.0,0.000000,0.372520,0.000000,1.110139,0.0
0,0.0,0.455431,0.260823,3.936967,0.0,0.000000,0.372562,0.000000,1.111183,0.0
0,0.0,0.454024,0.259149,3.945134,0.0,0.000000,0.371477,0.000000,1.115555,0.0
0,0.0,0.197617,0.128287,3.418491,0.0,0.000000,0.122567,0.000000,1.348286,0.0
0,0.0,0.450256,0.254291,3.975309,0.0,0.000000,0.369268,0.000000,1.128148,0.0
0,0.0,0.448120,0.251663,3.989610,0.0,0.000000,0.367780,0.000000,1.134988,0.0
0,0.0,0.142587,0.097377,3.342804,0.0,0.000000,0.070666,0.000000,1.406989,0.0
0,0.0,0.445868,0.248872,4.005150,0.0,0.000000,0.366251,0.000000,1.142248,0.0
0,0.0,0.159588,0.102188,3.425265,0.0,0.000000,0.088725,0.000000,1.403837,0.0
0,0.0,0.439236,0.240576,4.052614,0.0,0.000000,0.361890,0.000000,1.163810,0.0
0,0.0,0.121329,0.078184,3.403987,0.0,0.000000,0.053716,0.000000,1.452598,0.0
0,0.0,0.435339,0.235675,4.081096,0.0,0.000000,0.359376,0.000000,1.176544,0.0
0,0.0,0.141559,0.086632,3.468160,0.0,0.000000,0.074041,0.000000,1.440238,0.0
0,0.0,0.132916,0.080987,3.466125,0.0,0.000000,0.066227,0.000000,1.451957,0.0
0,0.0,0.428886,0.227596,4.127424,0.0,0.000000,0.355145,0.000000,1.197539,0.0
0,0.0,0.156915,0.090370,3.550215,0.0,0.000000,0.090612,0.000000,1.439312,0.0
0,0.0,0.137826,0.075203,3.579374,0.0,0.000000,0.074507,0.000000,1.473730,0.0
0,0.0,0.174494,0.093256,3.661522,0.0,0.000000,0.110177,0.000000,1.442658,0.0
0,0.0,0.191005,0.098376,3.736008,0.0,0.000000,0.127523,0.000000,1.438179,0.0
0,0.0,0.113689,0.057180,3.601857,0.0,0.000000,0.053651,0.000000,1.513599,0.0
0,0.0,0.155156,0.077508,3.695840,0.0,0.000000,0.094026,0.000000,1.478737,0.0
0,0.0,0.409609,0.203281,4.269849,0.0,0.000000,0.342841,0.000000,1.260690,0.0
0,0.0,0.178839,0.087112,3.774524,0.0,0.000000,0.117942,0.000000,1.465169,0.0
0,0.0,0.408537,0.202059,4.274865,0.0,0.000000,0.341913,0.000000,1.263894,0.0
0,0.0,0.127911,0.059089,3.697219,0.0,0.000000,0.069662,0.000000,1.517653,0.0
0,0.0,0.236529,0.114260,3.919389,0.0,0.000000,0.174597,0.000000,1.420248,0.0
0,0.0,0.402265,0.194212,4.319780,0.0,0.000000,0.337791,0.000000,1.284288,0.0
0,0.0,0.401933,0.193651,4.325388,0.0,0.000000,0.337843,0.000000,1.285712,0.0
0,0.0,0.393648,0.183265,4.385185,0.0,0.000000,0.332436,0.000000,1.312702,0.0
0,0.0,0.134854,0.052651,3.835650,0.0,0.000000,0.080627,0.000000,1.542935,0.0
0,0.0,0.392495,0.181799,4.393954,0.0,0.000000,0.331722,0.000000,1.316505,0.0
0,0.0,0.391334,0.180411,4.400854,0.0,0.000000,0.330840,0.000000,1.320129,0.0
0,0.0,0.122897,0.041493,3.874584,0.0,0.000000,0.071247,0.000000,1.569736,0.0
0,0.0,0.385857,0.173378,4.444080,0.0,0.000000,0.327575,0.000000,1.338366,0.0
0,0.0,0.385308,0.172789,4.445842,0.0,0.000000,0.327033,0.000000,1.339920,0.0
0,0.0,0.384154,0.171425,4.452317,0.0,0.000000,0.326124,0.000000,1.343484,0.0
0,0.0,0.192587,0.075017,4.040507,0.0,0.000000,0.139375,0.000000,1.513169,0.0
0,0.0,0.166992,0.058735,4.029057,0.0,0.000000,0.116049,0.000000,1.546496,0.0
0,0.0,0.376391,0.161524,4.512092,0.0,0.000000,0.321372,0.000000,1.369172,0.0
0,0.0,0.376576,0.161901,4.507544,0.0,0.000000,0.321223,0.000000,1.368228,0.0
0,0.0,0.373438,0.157913,4.531398,0.0,0.000000,0.319277,0.000000,1.378578,0.0
0,0.0,0.147361,0.042227,4.070410,0.0,0.000000,0.099877,0.000000,1.584773,0.0
0,0.0,0.370154,0.153805,4.554898,0.0,0.000000,0.317117,0.000000,1.389255,0.0
0,0.0,0.369406,0.152934,4.558802,0.0,0.000000,0.316503,0.000000,1.391534,0.0
0,0.0,0.366620,0.149193,4.584418,0.0,0.000000,0.315146,0.000000,1.401195,0.0
0,0.0,0.211035,0.071637,4.237220,0.0,0.000000,0.162646,0.000000,1.536946,0.0
0,0.0,0.365572,0.148075,4.587654,0.0,0.000000,0.314101,0.000000,1.404148,0.0
0,0.0,0.364670,0.146988,4.593194,0.0,0.000000,0.313431,0.000000,1.406984,0.0
0,0.0,0.361315,0.142758,4.617933,0.0,0.000000,0.311284,0.000000,1.417971,0.0
0,0.0,0.198873,0.059679,4.284400,0.0,0.000000,0.153365,0.000000,1.566129,0.0
0,0.0,0.184236,0.050670,4.274100,0.0,0.000000,0.139897,0.000000,1.584236,0.0
0,0.0,0.355349,0.135147,4.663911,0.0,0.000000,0.307636,0.000000,1.437716,0.0
0,0.0,0.137507,0.025772,4.193014,0.0,0.000000,0.095250,0.000000,1.629818,0.0
0,0.0,0.354447,0.133951,4.671855,0.0,0.000000,0.307167,0.000000,1.440808,0.0
0,0.0,0.193651,0.052315,4.332472,0.0,0.000000,0.150334,0.000000,1.585713,0.0
0,0.0,0.235940,0.071899,4.442618,0.0,0.000000,0.191999,0.000000,1.553787,0.0
0,0.0,0.178492,0.041281,4.343031,0.0,0.000000,0.137113,0.000000,1.609850,0.0
0,0.0,0.345629,0.123131,4.730311,0.0,0.000000,0.300978,0.000000,1.468983,0.0
0,0.0,0.343490,0.120277,4.749572,0.0,0.000000,0.299902,0.000000,1.476358,0.0
0,0.0,0.200467,0.049327,4.426834,0.0,0.000000,0.159674,0.000000,1.599998,0.0
0,0.0,0.340985,0.117298,4.764068,0.0,0.000000,0.297968,0.000000,1.484137,0.0
0,0.0,0.340392,0.116548,4.768505,0.0,0.000000,0.297595,0.000000,1.486085,0.0
0,0.0,0.273624,0.083128,4.618343,0.0,0.000000,0.231785,0.000000,1.545012,0.0
0,0.0,0.338641,0.114257,4.783257,0.0,0.000000,0.296629,0.000000,1.492014,0.0
0,0.0,0.130615,0.009662,4.336118,0.0,0.000000,0.093978,0.000000,1.675869,0.0
0,0.0,0.205987,0.047761,4.492600,0.0,0.000000,0.166874,0.000000,1.608864,0.0
0,0.0,0.336159,0.111058,4.803117,0.0,0.000000,0.295172,0.000000,1.500307,0.0
0,0.0,0.333628,0.107931,4.820372,0.0,0.000000,0.293436,0.000000,1.508444,0.0
0,0.0,0.332554,0.106532,4.829270,0.0,0.000000,0.292831,0.000000,1.512065,0.0
0,0.0,0.328436,0.101393,4.858464,0.0,0.000000,0.290098,0.000000,1.525426,0.0
0,0.0,0.327273,0.099997,4.865507,0.0,0.000000,0.289227,0.000000,1.529069,0.0
0,0.0,0.326379,0.098866,4.872182,0.0,0.000000,0.288662,0.000000,1.532006,0.0
0,0.0,0.326012,0.098443,4.874013,0.0,0.000000,0.288355,0.000000,1.533114,0.0
0,0.0,0.195313,0.032700,4.590948,0.0,0.000000,0.160680,0.000000,1.648917,0.0
0,0.0,0.229936,0.050215,4.662663,0.0,0.000000,0.194160,0.000000,1.618096,0.0
0,0.0,0.323615,0.095345,4.893370,0.0,0.000000,0.286963,0.000000,1.541141,0.0
0,0.0,0.321737,0.092923,4.908408,0.0,0.000000,0.285861,0.000000,1.547419,0.0
0,0.0,0.192091,0.027846,4.624480,0.0,0.000000,0.158943,0.000000,1.661983,0.0
0,0.0,0.316789,0.086748,4.943499,0.0,0.000000,0.282580,0.000000,1.563472,0.0
0,0.0,0.165081,0.010586,4.613368,0.0,0.000000,0.134360,0.000000,1.697400,0.0
0,0.0,0.315020,0.084605,4.954625,0.0,0.000000,0.281289,0.000000,1.569059,0.0
0,0.0,0.314077,0.083386,4.962246,0.0,0.000000,0.280741,0.000000,1.572219,0.0
0,0.0,0.167342,0.010286,4.636062,0.0,0.000000,0.137164,0.000000,1.699954,0.0
0,0.0,0.186445,0.019880,4.676486,0.0,0.000000,0.155665,0.000000,1.683166,0.0
0,0.0,0.173777,0.009901,4.694767,0.0,0.000000,0.144941,0.000000,1.705735,0.0
0,0.0,0.309363,0.078117,4.982053,0.0,0.000000,0.276474,0.000000,1.586064,0.0
0,0.0,0.308179,0.076246,4.999162,0.0,0.000000,0.276418,0.000000,1.590833,0.0
0,0.0,0.197552,0.020674,4.759654,0.0,0.000000,0.168467,0.000000,1.688538,0.0
0,0.0,0.198662,0.019667,4.781501,0.0,0.000000,0.170210,0.000000,1.692507,0.0
0,0.0,0.225646,0.033329,4.837244,0.0,0.000000,0.196298,0.000000,1.668447,0.0
0,0.0,0.304624,0.071687,5.027115,0.0,0.000000,0.274291,0.000000,1.602656,0.0
0,0.0,0.300878,0.067622,5.040142,0.0,0.000000,0.270674,0.000000,1.613371,0.0
0,0.0,0.264763,0.048883,4.971070,0.0,0.000000,0.235933,0.000000,1.647018,0.0
0,0.0,0.203745,0.017061,4.856585,0.0,0.000000,0.177338,0.000000,1.704354,0.0
0,0.0,0.159899,0.000000,4.770431,0.0,0.000000,0.135100,0.000000,1.744571,0.0
0,0.0,0.298867,0.065063,5.055473,0.0,0.000000,0.269428,0.000000,1.620011,0.0
0,0.0,0.296391,0.061107,5.092246,0.0,0.000000,0.269396,0.000000,1.630086,0.0
0,0.0,0.275852,0.051514,5.031173,0.0,0.000000,0.247928,0.000000,1.646564,0.0
0,0.0,0.294680,0.059106,5.101406,0.0,0.000000,0.268013,0.000000,1.635320,0.0
0,0.0,0.294182,0.060387,5.074124,0.0,0.000000,0.265824,0.000000,1.631510,0.0
0,0.0,0.293953,0.058131,5.108067,0.0,0.000000,0.267657,0.000000,1.637838,0.0
0,0.0,0.224375,0.024393,4.938012,0.0,0.000000,0.198612,0.000000,1.695805,0.0
0,0.0,0.293743,0.057937,5.108047,0.0,0.000000,0.267391,0.000000,1.638360,0.0
0,0.0,0.267298,0.045630,5.032860,0.0,0.000000,0.240322,0.000000,1.659101,0.0
0,0.0,0.224903,0.023901,4.948576,0.0,0.000000,0.199448,0.000000,1.697737,0.0
0,0.0,0.293013,0.057090,5.111793,0.0,0.000000,0.266787,0.000000,1.640577,0.0
0,0.0,0.235910,0.028729,4.980596,0.0,0.000000,0.210407,0.000000,1.690277,0.0
0,0.0,0.291672,0.055911,5.110352,0.0,0.000000,0.264981,0.000000,1.643763,0.0
0,0.0,0.290976,0.054778,5.121144,0.0,0.000000,0.265009,0.000000,1.646645,0.0
0,0.0,0.288903,0.051647,5.147924,0.0,0.000000,0.264647,0.000000,1.654653,0.0
0,0.0,0.288769,0.051565,5.146965,0.0,0.000000,0.264398,0.000000,1.654885,0.0
0,0.0,0.201124,0.008529,4.940999,0.0,0.000000,0.177882,0.000000,1.729476,0.0
0,0.0,0.289088,0.052422,5.134530,0.0,0.000000,0.263757,0.000000,1.652770,0.0
0,0.0,0.287334,0.049673,5.159390,0.0,0.000000,0.263635,0.000000,1.659779,0.0
0,0.0,0.269643,0.042752,5.088395,0.0,0.000000,0.244326,0.000000,1.669866,0.0
0,0.0,0.192015,0.002185,4.943775,0.0,0.000000,0.169815,0.000000,1.743074,0.0
0,0.0,0.283955,0.045573,5.180777,0.0,0.000000,0.261179,0.000000,1.670467,0.0
0,0.0,0.208536,0.008724,5.000668,0.0,0.000000,0.186568,0.000000,1.734117,0.0
0,0.0,0.255974,0.032595,5.100504,0.0,0.000000,0.232493,0.000000,1.692287,0.0
0,0.0,0.282242,0.043648,5.188187,0.0,0.000000,0.259645,0.000000,1.675524,0.0
0,0.0,0.282612,0.044472,5.177534,0.0,0.000000,0.259218,0.000000,1.673469,0.0
0,0.0,0.234869,0.020066,5.079894,0.0,0.000000,0.212877,0.000000,1.716935,0.0
0,0.0,0.281622,0.043356,5.181905,0.0,0.000000,0.258340,0.000000,1.676398,0.0
0,0.0,0.280197,0.040879,5.207501,0.0,0.000000,0.258692,0.000000,1.682669,0.0
0,0.0,0.278900,0.039183,5.218416,0.0,0.000000,0.257976,0.000000,1.687060,0.0
0,0.0,0.278924,0.039850,5.204123,0.0,0.000000,0.256809,0.000000,1.685480,0.0
0,0.0,0.276855,0.036605,5.233485,0.0,0.000000,0.256667,0.000000,1.693756,0.0
0,0.0,0.277449,0.037896,5.217076,0.0,0.000000,0.256039,0.000000,1.690532,0.0
0,0.0,0.254232,0.025856,5.169929,0.0,0.000000,0.233312,0.000000,1.712360,0.0
0,0.0,0.275317,0.035363,5.229384,0.0,0.000000,0.254391,0.000000,1.697149,0.0
0,0.0,0.273850,0.032956,5.252567,0.0,0.000000,0.254488,0.000000,1.703267,0.0
0,0.0,0.273853,0.033079,5.249905,0.0,0.000000,0.254269,0.000000,1.702976,0.0
0,0.0,0.273756,0.033134,5.246676,0.0,0.000000,0.253877,0.000000,1.702874,0.0
0,0.0,0.273393,0.032554,5.252074,0.0,0.000000,0.253872,0.000000,1.704353,0.0
0,0.0,0.273615,0.033115,5.244211,0.0,0.000000,0.253493,0.000000,1.702963,0.0
0,0.0,0.272028,0.031346,5.250751,0.0,0.000000,0.252045,0.000000,1.707612,0.0
0,0.0,0.270667,0.029561,5.262320,0.0,0.000000,0.251303,0.000000,1.712232,0.0
0,0.0,0.162623,0.000000,5.069856,0.0,0.000000,0.147801,0.000000,1.816657,0.0
0,0.0,0.267148,0.024878,5.293760,0.0,0.000000,0.249514,0.000000,1.724337,0.0
0,0.0,0.266592,0.024011,5.301527,0.0,0.000000,0.249465,0.000000,1.726548,0.0
0,0.0,0.266417,0.023850,5.301479,0.0,0.000000,0.249240,0.000000,1.726980,0.0
0,0.0,0.224467,0.003405,5.200469,0.0,0.000000,0.207689,0.000000,1.762241,0.0
0,0.0,0.265248,0.022277,5.312317,0.0,0.000000,0.248679,0.000000,1.731042,0.0
0,0.0,0.264832,0.021565,5.319556,0.0,0.000000,0.248763,0.000000,1.732847,0.0
0,0.0,0.265274,0.022491,5.308104,0.0,0.000000,0.248359,0.000000,1.730529,0.0
0,0.0,0.263663,0.020365,5.322074,0.0,0.000000,0.247503,0.000000,1.736028,0.0
0,0.0,0.263706,0.020497,5.320045,0.0,0.000000,0.247388,0.000000,1.735704,0.0
0,0.0,0.261342,0.017309,5.342082,0.0,0.000000,0.246262,0.000000,1.743933,0.0
0,0.0,0.260521,0.016373,5.345947,0.0,0.000000,0.245554,0.000000,1.746388,0.0
0,0.0,0.259865,0.015316,5.355874,0.0,0.000000,0.245560,0.000000,1.749079,0.0
0,0.0,0.260818,0.017246,5.332681,0.0,0.000000,0.244815,0.000000,1.744241,0.0
0,0.0,0.258967,0.014460,5.356372,0.0,0.000000,0.244473,0.000000,1.751368,0.0
0,0.0,0.259880,0.016062,5.339643,0.0,0.000000,0.244219,0.000000,1.747317,0.0
0,0.0,0.257935,0.012856,5.370692,0.0,0.000000,0.244375,0.000000,1.755462,0.0
0,0.0,0.255448,0.009951,5.383943,0.0,0.000000,0.242359,0.000000,1.763063,0.0
0,0.0,0.253689,0.007513,5.401782,0.0,0.000000,0.241642,0.000000,1.769340,0.0
0,0.0,0.253930,0.008494,5.384986,0.0,0.000000,0.240537,0.000000,1.766956,0.0
0,0.0,0.252664,0.006399,5.405393,0.0,0.000000,0.240656,0.000000,1.772277,0.0
0,0.0,0.253595,0.008161,5.385500,0.0,0.000000,0.240160,0.000000,1.767844,0.0
0,0.0,0.252018,0.005975,5.401494,0.0,0.000000,0.239517,0.000000,1.773472,0.0
0,0.0,0.250862,0.004017,5.421121,0.0,0.000000,0.239707,0.000000,1.778437,0.0
0,0.0,0.240346,0.000000,5.379895,0.0,0.000000,0.228065,0.000000,1.785271,0.0
0,0.0,0.220094,0.000000,5.340303,0.0,0.000000,0.208563,0.000000,1.803898,0.0
0,0.0,0.250259,0.003648,5.416894,0.0,0.000000,0.238596,0.000000,1.779489,0.0
0,0.0,0.249736,0.002817,5.424570,0.0,0.000000,0.238581,0.000000,1.781608,0.0
0,0.0,0.249161,0.002399,5.422015,0.0,0.000000,0.237645,0.000000,1.782768,0.0
0,0.0,0.243176,0.000000,5.405201,0.0,0.000000,0.231468,0.000000,1.787683,0.0
0,0.0,0.248001,0.000717,5.435431,0.0,0.000000,0.237310,0.000000,1.787083,0.0
0,0.0,0.247226,0.000000,5.444460,0.0,0.000000,0.237092,0.000000,1.789972,0.0
0,0.0,0.245998,0.000000,5.446074,0.0,0.000000,0.235683,0.000000,1.793203,0.0
0,0.0,0.243562,0.000000,5.472652,0.0,0.000000,0.234847,0.000000,1.802094,0.0
0,0.0,0.242926,0.000000,5.478171,0.0,0.000000,0.234510,0.000000,1.804265,0.0
0,0.0,0.243187,0.000000,5.467653,0.0,0.000000,0.233957,0.000000,1.802499,0.0
0,0.0,0.242905,0.000000,5.470511,0.0,0.000000,0.233842,0.000000,1.803504,0.0
0,0.0,0.242084,0.000000,5.474320,0.0,0.000000,0.233128,0.000000,1.805955,0.0
0,0.0,0.241375,0.000000,5.477323,0.0,0.000000,0.232489,0.000000,1.808038,0.0
0,0.0,0.236833,0.000000,5.517564,0.0,0.000000,0.230721,0.000000,1.822818,0.0
0,0.0,0.236256,0.000000,5.517400,0.0,0.000000,0.230043,0.000000,1.824150,0.0
0,0.0,0.236248,0.000000,5.517516,0.0,0.000000,0.230045,0.000000,1.824180,0.0
0,0.0,0.235614,0.000000,5.524140,0.0,0.000000,0.229953,0.000000,1.826250,0.0
0,0.0,0.233642,0.000000,5.531054,0.0,0.000000,0.228352,0.000000,1.831471,0.0
0,0.0,0.230863,0.000000,5.553314,0.0,0.000000,0.227294,0.000000,1.839949,0.0
0,0.0,0.230057,0.000000,5.562154,0.0,0.000000,0.227215,0.000000,1.842621,0.0
0,0.0,0.227926,0.000000,5.571204,0.0,0.000000,0.225637,0.000000,1.848404,0.0
0,0.0,0.225760,0.000000,5.582163,0.0,0.000000,0.224201,0.000000,1.854440,0.0
0,0.0,0.223909,0.000000,5.600186,0.0,0.000000,0.223801,0.000000,1.860372,0.0
0,0.0,0.224642,0.000000,5.587230,0.0,0.000000,0.223403,0.000000,1.857503,0.0
0,0.0,0.224498,0.000000,5.588203,0.0,0.000000,0.223331,0.000000,1.857925,0.0
0,0.0,0.222775,0.000000,5.603600,0.0,0.000000,0.222828,0.000000,1.863324,0.0
0,0.0,0.223167,0.000000,5.595220,0.0,0.000000,0.222476,0.000000,1.861660,0.0
0,0.0,0.221288,0.000000,5.617491,0.0,0.000000,0.222451,0.000000,1.868038,0.0
0,0.0,0.209777,0.000000,5.695270,0.0,0.000000,0.216688,0.000000,1.901862,0.0
0,0.0,0.206802,0.000000,5.707706,0.0,0.000000,0.214466,0.000000,1.909917,0.0
0,0.0,0.196020,0.000000,5.772739,0.0,0.000000,0.208322,0.000000,1.940897,0.0
1,0.0,0.998475,1.025954,0.841145,0.0,0.237820,0.526859,0.000000,0.000000,0.0
1,0.0,0.970095,1.007264,0.842379,0.0,0.239459,0.500056,0.000000,0.034182,0.0
1,0.0,0.986729,1.028143,0.807143,0.0,0.274171,0.502818,0.000000,0.023239,0.0
1,0.0,1.019752,1.067111,0.729954,0.0,0.347138,0.508381,0.000000,0.000000,0.0
1,0.0,1.060418,1.117413,0.626035,0.0,0.445981,0.512049,0.000000,0.000000,0.0
1,0.0,1.045103,1.107156,0.631908,0.0,0.442478,0.498727,0.000000,0.000000,0.0
1,0.0,0.982907,1.036845,0.765484,0.0,0.317016,0.484012,0.000000,0.042069,0.0
1,0.0,1.059145,1.127654,0.584043,0.0,0.488755,0.495693,0.000000,0.000000,0.0
1,0.0,1.058997,1.128845,0.579160,0.0,0.493730,0.493791,0.000000,0.000000,0.0
1,0.0,0.992406,1.057458,0.707272,0.0,0.374510,0.472686,0.000000,0.046526,0.0
1,0.0,1.037570,1.115644,0.582974,0.0,0.493292,0.473570,0.000000,0.019402,0.0
1,0.0,1.063276,1.147661,0.552861,0.0,0.524307,0.484613,0.000000,0.000000,0.0
1,0.0,1.739460,1.921418,0.808702,0.0,0.948604,0.662044,0.000000,0.071982,0.0
1,0.0,1.057788,1.144716,0.555326,0.0,0.523087,0.479616,0.000000,0.007204,0.0
1,0.0,1.066422,1.157625,0.545695,0.0,0.534118,0.482528,0.000000,0.002209,0.0
1,0.0,1.081952,1.176263,0.548427,0.0,0.545359,0.486659,0.000000,0.002629,0.0
1,0.0,1.085300,1.179999,0.549370,0.0,0.547439,0.487683,0.000000,0.002586,0.0
1,0.0,1.095180,1.191021,0.552149,0.0,0.553574,0.490705,0.000000,0.002458,0.0
1,0.0,1.096512,1.192508,0.552524,0.0,0.554401,0.491113,0.000000,0.002441,0.0
1,0.0,1.097779,1.193921,0.552880,0.0,0.555188,0.491500,0.000000,0.002424,0.0
1,0.0,1.099102,1.195398,0.553253,0.0,0.556010,0.491905,0.000000,0.002407,0.0
1,0.0,1.103584,1.200398,0.554514,0.0,0.558793,0.493276,0.000000,0.002349,0.0
1,0.0,1.105434,1.202462,0.555034,0.0,0.559942,0.493842,0.000000,0.002325,0.0
1,0.0,1.115617,1.213824,0.557900,0.0,0.566266,0.496957,0.000000,0.002193,0.0
1,0.0,1.121306,1.220171,0.559500,0.0,0.569799,0.498697,0.000000,0.002120,0.0
1,0.0,1.123346,1.222447,0.560074,0.0,0.571065,0.499321,0.000000,0.002093,0.0
1,0.0,1.125645,1.225012,0.560721,0.0,0.572493,0.500024,0.000000,0.002064,0.0
1,0.0,1.131779,1.231856,0.562447,0.0,0.576303,0.501900,0.000000,0.001984,0.0
1,0.0,1.137673,1.238432,0.564105,0.0,0.579963,0.503703,0.000000,0.001908,0.0
1,0.0,1.138248,1.239074,0.564267,0.0,0.580320,0.503879,0.000000,0.001901,0.0
1,0.0,1.144124,1.245629,0.565920,0.0,0.583969,0.505677,0.000000,0.001825,0.0
1,0.0,1.159664,1.262967,0.570292,0.0,0.593619,0.510430,0.000000,0.001623,0.0
1,0.0,1.166168,1.270223,0.572122,0.0,0.597659,0.512419,0.000000,0.001539,0.0
1,0.0,1.186389,1.292785,0.577812,0.0,0.610217,0.518605,0.000000,0.001278,0.0
1,0.0,1.201741,1.309912,0.582131,0.0,0.619750,0.523300,0.000000,0.001079,0.0
1,0.0,1.209269,1.318312,0.584249,0.0,0.624425,0.525603,0.000000,0.000982,0.0
1,0.0,1.215490,1.325252,0.586000,0.0,0.628289,0.527506,0.000000,0.000901,0.0
1,0.0,1.227687,1.338862,0.589432,0.0,0.635864,0.531237,0.000000,0.000743,0.0
1,0.0,1.233746,1.345621,0.591136,0.0,0.639626,0.533090,0.000000,0.000665,0.0
1,0.0,1.235997,1.348133,0.591770,0.0,0.641024,0.533779,0.000000,0.000636,0.0
1,0.0,1.238242,1.350637,0.592401,0.0,0.642418,0.534465,0.000000,0.000607,0.0
1,0.0,1.238263,1.350661,0.592407,0.0,0.642431,0.534472,0.000000,0.000607,0.0
1,0.0,1.242535,1.355427,0.593609,0.0,0.645084,0.535778,0.000000,0.000551,0.0
1,0.0,1.247373,1.360825,0.594970,0.0,0.648089,0.537258,0.000000,0.000489,0.0
1,0.0,1.255597,1.370001,0.597284,0.0,0.653196,0.539774,0.000000,0.000382,0.0
1,0.0,1.259213,1.374035,0.598302,0.0,0.655441,0.540880,0.000000,0.000335,0.0
1,0.0,1.260280,1.375226,0.598602,0.0,0.656104,0.541206,0.000000,0.000322,0.0
1,0.0,1.275478,1.392182,0.602878,0.0,0.665543,0.545855,0.000000,0.000125,0.0
1,0.0,1.305785,1.425996,0.611405,0.0,0.684364,0.555125,0.000000,0.000000,0.0
1,0.0,1.309557,1.430204,0.612466,0.0,0.686706,0.556279,0.000000,0.000000,0.0
1,0.0,1.312656,1.433662,0.613339,0.0,0.688631,0.557227,0.000000,0.000000,0.0
1,0.0,1.322065,1.444160,0.615986,0.0,0.694474,0.560105,0.000000,0.000000,0.0
1,0.0,1.323483,1.445742,0.616385,0.0,0.695355,0.560539,0.000000,0.000000,0.0
1,0.0,1.323960,1.446274,0.616519,0.0,0.695651,0.560685,0.000000,0.000000,0.0
1,0.0,1.332447,1.455743,0.618907,0.0,0.700921,0.563281,0.000000,0.000000,0.0
1,0.0,1.335225,1.458842,0.619689,0.0,0.702647,0.564131,0.000000,0.000000,0.0
1,0.0,1.335814,1.459500,0.619854,0.0,0.703012,0.564311,0.000000,0.000000,0.0
1,0.0,1.338895,1.462937,0.620721,0.0,0.704926,0.565253,0.000000,0.000000,0.0
1,0.0,1.340895,1.465168,0.621284,0.0,0.706168,0.565865,0.000000,0.000000,0.0
1,0.0,1.342280,1.466714,0.621674,0.0,0.707028,0.566289,0.000000,0.000000,0.0
1,0.0,1.345879,1.470730,0.622686,0.0,0.709263,0.567390,0.000000,0.000000,0.0
1,0.0,1.349151,1.474379,0.623607,0.0,0.711295,0.568390,0.000000,0.000000,0.0
1,0.0,1.707416,1.887252,0.812299,0.0,0.927341,0.648320,0.000000,0.084951,0.0
1,0.0,1.358848,1.485199,0.626335,0.0,0.717317,0.571357,0.000000,0.000000,0.0
1,0.0,1.361319,1.487956,0.627031,0.0,0.718852,0.572112,0.000000,0.000000,0.0
1,0.0,1.362644,1.489434,0.627403,0.0,0.719674,0.572518,0.000000,0.000000,0.0
1,0.0,1.363607,1.490509,0.627674,0.0,0.720272,0.572812,0.000000,0.000000,0.0
1,0.0,1.363719,1.490633,0.627706,0.0,0.720342,0.572846,0.000000,0.000000,0.0
1,0.0,1.365626,1.492761,0.628242,0.0,0.721526,0.573430,0.000000,0.000000,0.0
1,0.0,1.367783,1.495167,0.628849,0.0,0.722865,0.574089,0.000000,0.000000,0.0
1,0.0,1.369410,1.496983,0.629307,0.0,0.723876,0.574587,0.000000,0.000000,0.0
1,0.0,1.372183,1.500077,0.630087,0.0,0.725598,0.575435,0.000000,0.000000,0.0
1,0.0,1.714250,1.895000,0.815314,0.0,0.931448,0.650085,0.000000,0.085931,0.0
1,0.0,1.388740,1.518550,0.634746,0.0,0.735880,0.580500,0.000000,0.000000,0.0
1,0.0,1.395400,1.525980,0.636619,0.0,0.740016,0.582537,0.000000,0.000000,0.0
1,0.0,1.398275,1.529188,0.637428,0.0,0.741802,0.583416,0.000000,0.000000,0.0
1,0.0,1.403043,1.534508,0.638770,0.0,0.744763,0.584875,0.000000,0.000000,0.0
1,0.0,1.405968,1.537770,0.639593,0.0,0.746579,0.585769,0.000000,0.000000,0.0
1,0.0,1.407620,1.539615,0.640058,0.0,0.747606,0.586275,0.000000,0.000000,0.0
1,0.0,1.421789,1.555422,0.644044,0.0,0.756404,0.590609,0.000000,0.000000,0.0
1,0.0,1.427629,1.561939,0.645687,0.0,0.760031,0.592395,0.000000,0.000000,0.0
1,0.0,1.439739,1.575450,0.649095,0.0,0.767552,0.596099,0.000000,0.000000,0.0
1,0.0,1.445563,1.581947,0.650733,0.0,0.771168,0.597881,0.000000,0.000000,0.0
1,0.0,1.454691,1.592132,0.653302,0.0,0.776837,0.600673,0.000000,0.000000,0.0
1,0.0,1.466583,1.605400,0.656648,0.0,0.784222,0.604310,0.000000,0.000000,0.0
1,0.0,1.477931,1.618061,0.659840,0.0,0.791270,0.607782,0.000000,0.000000,0.0
1,0.0,1.484198,1.625053,0.661604,0.0,0.795162,0.609699,0.000000,0.000000,0.0
1,0.0,1.489590,1.631069,0.663121,0.0,0.798510,0.611348,0.000000,0.000000,0.0
1,0.0,1.497104,1.639452,0.665235,0.0,0.803176,0.613646,0.000000,0.000000,0.0
1,0.0,1.497491,1.639884,0.665344,0.0,0.803417,0.613765,0.000000,0.000000,0.0
1,0.0,1.499176,1.641764,0.665818,0.0,0.804463,0.614280,0.000000,0.000000,0.0
1,0.0,1.500815,1.643593,0.666279,0.0,0.805481,0.614781,0.000000,0.000000,0.0
1,0.0,1.510394,1.654280,0.668974,0.0,0.811430,0.617711,0.000000,0.000000,0.0
1,0.0,1.513063,1.657258,0.669725,0.0,0.813087,0.618528,0.000000,0.000000,0.0
1,0.0,1.517200,1.661874,0.670889,0.0,0.815656,0.619793,0.000000,0.000000,0.0
1,0.0,1.530581,1.676803,0.674654,0.0,0.823966,0.623886,0.000000,0.000000,0.0
1,0.0,1.536146,1.683012,0.676220,0.0,0.827422,0.625589,0.000000,0.000000,0.0
1,0.0,1.540921,1.688339,0.677563,0.0,0.830387,0.627049,0.000000,0.000000,0.0
1,0.0,1.565863,1.716167,0.684581,0.0,0.845877,0.634678,0.000000,0.000000,0.0
1,0.0,1.569289,1.719990,0.685545,0.0,0.848005,0.635726,0.000000,0.000000,0.0
1,0.0,1.570464,1.721301,0.685876,0.0,0.848734,0.636086,0.000000,0.000000,0.0
1,0.0,1.570688,1.721551,0.685939,0.0,0.848874,0.636154,0.000000,0.000000,0.0
1,0.0,1.571523,1.722483,0.686174,0.0,0.849392,0.636410,0.000000,0.000000,0.0
1,0.0,1.571953,1.722962,0.686295,0.0,0.849659,0.636541,0.000000,0.000000,0.0
1,0.0,1.572926,1.724048,0.686568,0.0,0.850263,0.636839,0.000000,0.000000,0.0
1,0.0,1.576458,1.727989,0.687562,0.0,0.852457,0.637919,0.000000,0.000000,0.0
1,0.0,1.583480,1.735823,0.689538,0.0,0.856817,0.640067,0.000000,0.000000,0.0
1,0.0,0.945610,0.973853,0.895776,0.0,0.185105,0.497933,0.000000,0.047336,0.0
1,0.0,1.594988,1.748662,0.692776,0.0,0.863964,0.643587,0.000000,0.000000,0.0
1,0.0,1.595309,1.749020,0.692866,0.0,0.864163,0.643685,0.000000,0.000000,0.0
1,0.0,1.597007,1.750915,0.693344,0.0,0.865218,0.644205,0.000000,0.000000,0.0
1,0.0,1.599055,1.753201,0.693920,0.0,0.866490,0.644831,0.000000,0.000000,0.0
1,0.0,1.607659,1.762800,0.696341,0.0,0.871833,0.647463,0.000000,0.000000,0.0
1,0.0,1.617807,1.774122,0.699196,0.0,0.878135,0.650567,0.000000,0.000000,0.0
1,0.0,1.619055,1.775515,0.699547,0.0,0.878910,0.650949,0.000000,0.000000,0.0
1,0.0,1.623729,1.780729,0.700862,0.0,0.881813,0.652378,0.000000,0.000000,0.0
1,0.0,1.623907,1.780928,0.700912,0.0,0.881923,0.652433,0.000000,0.000000,0.0
1,0.0,1.631809,1.789745,0.703136,0.0,0.886831,0.654850,0.000000,0.000000,0.0
1,0.0,1.636159,1.794598,0.704360,0.0,0.889532,0.656181,0.000000,0.000000,0.0
1,0.0,1.645425,1.804936,0.706967,0.0,0.895286,0.659015,0.000000,0.000000,0.0
1,0.0,1.649717,1.809724,0.708174,0.0,0.897952,0.660328,0.000000,0.000000,0.0
1,0.0,1.653401,1.813834,0.709211,0.0,0.900240,0.661454,0.000000,0.000000,0.0
1,0.0,1.661638,1.823024,0.711528,0.0,0.905355,0.663974,0.000000,0.000000,0.0
1,0.0,1.661800,1.823205,0.711574,0.0,0.905455,0.664023,0.000000,0.000000,0.0
1,0.0,1.664693,1.826433,0.712388,0.0,0.907252,0.664908,0.000000,0.000000,0.0
1,0.0,1.665991,1.827882,0.712753,0.0,0.908059,0.665306,0.000000,0.000000,0.0
1,0.0,1.668246,1.830398,0.713388,0.0,0.909459,0.665995,0.000000,0.000000,0.0
1,0.0,1.675328,1.838298,0.715380,0.0,0.913857,0.668161,0.000000,0.000000,0.0
1,0.0,1.678500,1.841838,0.716273,0.0,0.915827,0.669132,0.000000,0.000000,0.0
1,0.0,1.679248,1.842672,0.716483,0.0,0.916291,0.669361,0.000000,0.000000,0.0
1,0.0,1.679955,1.843461,0.716682,0.0,0.916730,0.669577,0.000000,0.000000,0.0
1,0.0,1.681042,1.844674,0.716988,0.0,0.917405,0.669909,0.000000,0.000000,0.0
1,0.0,1.683603,1.847531,0.717708,0.0,0.918996,0.670693,0.000000,0.000000,0.0
1,0.0,1.691477,1.856316,0.719924,0.0,0.923886,0.673101,0.000000,0.000000,0.0
1,0.0,1.693481,1.858553,0.720488,0.0,0.925130,0.673714,0.000000,0.000000,0.0
1,0.0,1.694885,1.860118,0.720883,0.0,0.926002,0.674144,0.000000,0.000000,0.0
1,0.0,1.698196,1.863813,0.721814,0.0,0.928058,0.675157,0.000000,0.000000,0.0
1,0.0,1.702108,1.868178,0.722915,0.0,0.930488,0.676353,0.000000,0.000000,0.0
1,0.0,1.704141,1.870446,0.723487,0.0,0.931750,0.676975,0.000000,0.000000,0.0
1,0.0,1.705102,1.871518,0.723757,0.0,0.932347,0.677269,0.000000,0.000000,0.0
1,0.0,1.714708,1.882235,0.726460,0.0,0.938312,0.680207,0.000000,0.000000,0.0
1,0.0,1.717524,1.885378,0.727253,0.0,0.940062,0.681069,0.000000,0.000000,0.0
1,0.0,1.717535,1.885390,0.727256,0.0,0.940068,0.681072,0.000000,0.000000,0.0
1,0.0,1.721566,1.889887,0.728390,0.0,0.942571,0.682305,0.000000,0.000000,0.0
1,0.0,1.724193,1.892818,0.729129,0.0,0.944203,0.683109,0.000000,0.000000,0.0
1,0.0,1.726587,1.895489,0.729802,0.0,0.945690,0.683841,0.000000,0.000000,0.0
1,0.0,1.734140,1.903916,0.731928,0.0,0.950381,0.686151,0.000000,0.000000,0.0
1,0.0,1.734460,1.904272,0.732017,0.0,0.950579,0.686249,0.000000,0.000000,0.0
1,0.0,1.749645,1.921215,0.736290,0.0,0.960009,0.690894,0.000000,0.000000,0.0
1,0.0,1.751843,1.923668,0.736909,0.0,0.961374,0.691566,0.000000,0.000000,0.0
1,0.0,1.753660,1.925694,0.737420,0.0,0.962502,0.692122,0.000000,0.000000,0.0
1,0.0,1.756783,1.929178,0.738298,0.0,0.964442,0.693077,0.000000,0.000000,0.0
1,0.0,1.757215,1.929660,0.738420,0.0,0.964710,0.693209,0.000000,0.000000,0.0
1,0.0,1.757908,1.930434,0.738615,0.0,0.965140,0.693421,0.000000,0.000000,0.0
1,0.0,1.758372,1.930951,0.738745,0.0,0.965429,0.693563,0.000000,0.000000,0.0
1,0.0,1.759079,1.931740,0.738944,0.0,0.965868,0.693779,0.000000,0.000000,0.0
1,0.0,1.759779,1.932522,0.739141,0.0,0.966303,0.693994,0.000000,0.000000,0.0
1,0.0,1.765881,1.939329,0.740858,0.0,0.970092,0.695860,0.000000,0.000000,0.0
1,0.0,1.766858,1.940419,0.741133,0.0,0.970699,0.696159,0.000000,0.000000,0.0
1,0.0,1.767113,1.940704,0.741205,0.0,0.970857,0.696237,0.000000,0.000000,0.0
1,0.0,1.786600,1.962446,0.746688,0.0,0.982959,0.702197,0.000000,0.000000,0.0
1,0.0,1.787511,1.963463,0.746944,0.0,0.983525,0.702476,0.000000,0.000000,0.0
1,0.0,1.787674,1.963644,0.746990,0.0,0.983626,0.702526,0.000000,0.000000,0.0
1,0.0,1.794055,1.970763,0.748785,0.0,0.987588,0.704478,0.000000,0.000000,0.0
1,0.0,1.805190,1.983187,0.751918,0.0,0.994503,0.707884,0.000000,0.000000,0.0
1,0.0,1.805977,1.984065,0.752140,0.0,0.994992,0.708124,0.000000,0.000000,0.0
1,0.0,1.807044,1.985255,0.752440,0.0,0.995655,0.708451,0.000000,0.000000,0.0
1,0.0,1.807795,1.986093,0.752651,0.0,0.996121,0.708681,0.000000,0.000000,0.0
1,0.0,1.808110,1.986445,0.752740,0.0,0.996317,0.708777,0.000000,0.000000,0.0
1,0.0,1.810548,1.989165,0.753426,0.0,0.997831,0.709523,0.000000,0.000000,0.0
1,0.0,1.816555,1.995867,0.755116,0.0,1.001561,0.711360,0.000000,0.000000,0.0
1,0.0,1.818037,1.997520,0.755533,0.0,1.002482,0.711813,0.000000,0.000000,0.0
1,0.0,1.818477,1.998012,0.755657,0.0,1.002755,0.711948,0.000000,0.000000,0.0
1,0.0,1.821024,2.000853,0.756373,0.0,1.004337,0.712727,0.000000,0.000000,0.0
1,0.0,1.822038,2.001985,0.756659,0.0,1.004967,0.713037,0.000000,0.000000,0.0
1,0.0,1.823807,2.003958,0.757156,0.0,1.006065,0.713578,0.000000,0.000000,0.0
1,0.0,1.824685,2.004938,0.757404,0.0,1.006610,0.713847,0.000000,0.000000,0.0
1,0.0,1.830953,2.011931,0.759167,0.0,1.010503,0.715764,0.000000,0.000000,0.0
1,0.0,1.832301,2.013435,0.759546,0.0,1.011340,0.716176,0.000000,0.000000,0.0
1,0.0,1.833535,2.014811,0.759893,0.0,1.012106,0.716554,0.000000,0.000000,0.0
1,0.0,1.835167,2.016633,0.760353,0.0,1.013120,0.717053,0.000000,0.000000,0.0
1,0.0,1.838793,2.020678,0.761373,0.0,1.015371,0.718162,0.000000,0.000000,0.0
1,0.0,1.839652,2.021637,0.761614,0.0,1.015905,0.718425,0.000000,0.000000,0.0
1,0.0,1.839974,2.021996,0.761705,0.0,1.016105,0.718524,0.000000,0.000000,0.0
1,0.0,1.849021,2.032090,0.764251,0.0,1.021723,0.721291,0.000000,0.000000,0.0
1,0.0,1.849225,2.032318,0.764308,0.0,1.021850,0.721353,0.000000,0.000000,0.0
1,0.0,1.806615,1.989799,0.783704,0.0,0.993562,0.697369,0.000000,0.025994,0.0
1,0.0,1.855158,2.038936,0.765977,0.0,1.025534,0.723168,0.000000,0.000000,0.0
1,0.0,1.862492,2.047120,0.768041,0.0,1.030089,0.725412,0.000000,0.000000,0.0
1,0.0,1.838790,2.023296,0.777748,0.0,1.014417,0.712448,0.000000,0.009920,0.0
1,0.0,1.828179,2.012793,0.783110,0.0,1.007342,0.706290,0.000000,0.018766,0.0
1,0.0,1.807026,1.992658,0.798812,0.0,0.992945,0.692264,0.000000,0.041628,0.0
1,0.0,1.880848,2.067600,0.773205,0.0,1.041489,0.731026,0.000000,0.000000,0.0
1,0.0,1.793491,1.979314,0.805982,0.0,0.983901,0.684293,0.000000,0.053256,0.0
1,0.0,1.886997,2.074460,0.774936,0.0,1.045307,0.732907,0.000000,0.000000,0.0
1,0.0,1.838252,2.025230,0.793433,0.0,1.013162,0.706758,0.000000,0.026448,0.0
1,0.0,1.892054,2.080102,0.776358,0.0,1.048448,0.734454,0.000000,0.000000,0.0
1,0.0,1.834286,2.024044,0.812556,0.0,1.009520,0.698483,0.000000,0.047613,0.0
1,0.0,0.924394,0.939675,0.961910,0.0,0.117839,0.503249,0.000000,0.052396,0.0
1,0.0,0.921752,0.957230,0.887254,0.0,0.193618,0.474055,0.000000,0.079469,0.0
1,0.0,0.912099,0.942886,0.912760,0.0,0.167667,0.474823,0.000000,0.083233,0.0
1,0.0,1.696915,1.881113,0.854889,0.0,0.915683,0.631105,0.000000,0.130216,0.0
1,0.0,0.894570,0.886820,1.073165,0.0,0.004713,0.517310,0.000000,0.053675,0.0
1,0.0,1.543351,1.714609,0.849464,0.0,0.816350,0.572292,0.000000,0.169924,0.0
1,0.0,0.873882,0.875217,1.055090,0.0,0.022943,0.492756,0.000000,0.084947,0.0
1,0.0,0.847026,0.837850,1.116398,0.0,0.000000,0.491415,0.000000,0.098500,0.0
1,0.0,0.842677,0.830810,1.130085,0.0,0.000000,0.492551,0.000000,0.099496,0.0
1,0.0,0.783054,0.764361,1.203452,0.0,0.000000,0.466974,0.000000,0.149600,0.0
1,0.0,0.770368,0.747752,1.228454,0.0,0.000000,0.464915,0.000000,0.157264,0.0
1,0.0,1.420725,1.591827,0.928453,0.0,0.727593,0.499741,0.000000,0.284156,0.0
1,0.0,0.718060,0.715234,1.194843,0.0,0.000000,0.407186,0.000000,0.232477,0.0
1,0.0,1.414486,1.590645,0.973944,0.0,0.718380,0.483314,0.000000,0.331043,0.0
1,0.0,1.334767,1.502815,0.959714,0.0,0.668107,0.456288,0.000000,0.340352,0.0
1,0.0,0.708517,0.676316,1.314071,0.0,0.000000,0.441808,0.000000,0.206208,0.0
1,0.0,1.353317,1.523968,0.968886,0.0,0.679141,0.460777,0.000000,0.343990,0.0
1,0.0,0.699409,0.660449,1.347005,0.0,0.000000,0.445727,0.000000,0.206931,0.0
1,0.0,1.323490,1.492277,0.973147,0.0,0.659245,0.447722,0.000000,0.356967,0.0
1,0.0,0.676975,0.646686,1.331893,0.0,0.000000,0.420716,0.000000,0.239411,0.0
1,0.0,0.668071,0.626830,1.380602,0.0,0.000000,0.430495,0.000000,0.234850,0.0
1,0.0,0.658424,0.619875,1.378039,0.0,0.000000,0.421157,0.000000,0.247562,0.0
1,0.0,1.329604,1.505028,1.023496,0.0,0.657522,0.434667,0.000000,0.405039,0.0
1,0.0,1.265943,1.434800,1.011389,0.0,0.617460,0.413314,0.000000,0.411736,0.0
1,0.0,1.267648,1.439071,1.031285,0.0,0.616316,0.407875,0.000000,0.430942,0.0
1,0.0,1.250715,1.420604,1.029809,0.0,0.605462,0.401660,0.000000,0.434451,0.0
1,0.0,0.614960,0.561648,1.512341,0.0,0.000000,0.430100,0.000000,0.275181,0.0
1,0.0,1.262164,1.435285,1.048775,0.0,0.610766,0.400344,0.000000,0.449875,0.0
1,0.0,0.623047,0.561333,1.583737,0.0,0.000000,0.440879,0.000000,0.280717,0.0
1,0.0,1.144003,1.307198,1.044849,0.0,0.534305,0.355015,0.000000,0.480673,0.0
1,0.0,1.162502,1.327879,1.050617,0.0,0.545692,0.360529,0.000000,0.480955,0.0
1,0.0,1.123242,1.286003,1.054885,0.0,0.519656,0.343756,0.000000,0.496708,0.0
1,0.0,0.586150,0.539875,1.542134,0.0,0.000000,0.406394,0.000000,0.322395,0.0
1,0.0,1.130553,1.294262,1.057871,0.0,0.524076,0.345718,0.000000,0.497519,0.0
1,0.0,0.603842,0.546881,1.603022,0.0,0.000000,0.424332,0.000000,0.312794,0.0
1,0.0,1.096661,1.259108,1.069721,0.0,0.500676,0.328732,0.000000,0.519205,0.0
1,0.0,0.627028,0.556732,1.674455,0.0,0.000000,0.447555,0.000000,0.298091,0.0
1,0.0,1.089921,1.253287,1.081657,0.0,0.494937,0.322412,0.000000,0.533006,0.0
1,0.0,0.610292,0.543899,1.694244,0.0,0.000000,0.433237,0.000000,0.326800,0.0
1,0.0,0.606290,0.539203,1.719259,0.0,0.000000,0.430509,0.000000,0.338810,0.0
1,0.0,0.599133,0.534708,1.715330,0.0,0.000000,0.423961,0.000000,0.347945,0.0
1,0.0,0.978419,1.136653,1.112615,0.0,0.418860,0.268992,0.000000,0.596400,0.0
1,0.0,0.618957,0.540913,1.804066,0.0,0.000000,0.444764,0.000000,0.342389,0.0
1,0.0,0.942759,1.098952,1.119259,0.0,0.394898,0.252907,0.000000,0.613449,0.0
1,0.0,0.603666,0.532499,1.780864,0.0,0.000000,0.430269,0.000000,0.358149,0.0
1,0.0,0.599004,0.530062,1.772188,0.0,0.000000,0.425795,0.000000,0.362547,0.0
1,0.0,0.556638,0.505078,1.728722,0.0,0.000000,0.386345,0.000000,0.411495,0.0
1,0.0,0.989441,1.154547,1.161682,0.0,0.420476,0.258264,0.000000,0.641763,0.0
1,0.0,0.604623,0.527723,1.848418,0.0,0.000000,0.433441,0.000000,0.373928,0.0
1,0.0,0.926614,1.085788,1.154227,0.0,0.380430,0.235811,0.000000,0.652822,0.0
1,0.0,0.894388,1.051312,1.156911,0.0,0.359151,0.222294,0.000000,0.664941,0.0
1,0.0,0.817528,0.970257,1.172867,0.0,0.307320,0.187124,0.000000,0.703308,0.0
1,0.0,0.858998,1.017117,1.189855,0.0,0.332387,0.198240,0.000000,0.707959,0.0
1,0.0,0.734441,0.884577,1.206029,0.0,0.249486,0.144218,0.000000,0.760543,0.0
1,0.0,0.571524,0.490389,2.036582,0.0,0.000000,0.410232,0.000000,0.468506,0.0
1,0.0,0.684251,0.835466,1.247714,0.0,0.212099,0.111651,0.000000,0.816563,0.0
1,0.0,0.585288,0.492821,2.121578,0.0,0.000000,0.425477,0.000000,0.470580,0.0
1,0.0,0.600625,0.495079,2.221937,0.0,0.000000,0.442659,0.000000,0.474322,0.0
